tool_id,page,primary_keyword,intent,audience,title_direction,content_requirements
add-image-to-pdf,/tools/add-image-to-pdf,add image online,transactional,students; professionals; small businesses,Add Image Online – Free File Converter,requirements; steps; options; limitations; validation; FAQs; related tools
add-text,/tools/add-text,add text online,transactional,students; professionals; small businesses,Add Text Online – Free PDF Tool,requirements; steps; options; limitations; validation; FAQs; related tools
azw3-to-pdf,/tools/azw3-to-pdf,azw3 to pdf online,transactional,students; professionals; small businesses,AZW3 to PDF Online – Free File Converter,requirements; steps; options; limitations; validation; FAQs; related tools
blur-face,/tools/blur-face,blur face online,transactional,students; professionals; small businesses,Blur Face Online – Free PDF Tool,requirements; steps; options; limitations; validation; FAQs; related tools
bmp-to-pdf,/tools/bmp-to-pdf,bmp to pdf online,transactional,students; professionals; small businesses,BMP to PDF Online – Free File Converter,requirements; steps; options; limitations; validation; FAQs; related tools
compare-pdf,/tools/compare-pdf,compare pdf online,transactional,students; professionals; small businesses,Compare PDF Online – Free PDF Tool,requirements; steps; options; limitations; validation; FAQs; related tools
compress-pdf,/tools/compress-pdf,compress pdf online,transactional,students; professionals; small businesses,Compress PDF Online – Free PDF Tool,requirements; steps; options; limitations; validation; FAQs; related tools
convert-image,/tools/convert-image,convert image online,transactional,students; professionals; small businesses,Convert Image Online – Free PDF Tool,requirements; steps; options; limitations; validation; FAQs; related tools
crop-image,/tools/crop-image,crop image online,transactional,students; professionals; small businesses,Crop Image Online – Free PDF Tool,requirements; steps; options; limitations; validation; FAQs; related tools
crop-pdf,/tools/crop-pdf,crop pdf online,transactional,students; professionals; small businesses,Crop PDF Online – Free PDF Tool,requirements; steps; options; limitations; validation; FAQs; related tools
csv-to-pdf,/tools/csv-to-pdf,csv to pdf online,transactional,students; professionals; small businesses,CSV to PDF Online – Free File Converter,requirements; steps; options; limitations; validation; FAQs; related tools
delete-pdf-pages,/tools/delete-pdf-pages,remove pages online,transactional,students; professionals; small businesses,Remove Pages Online – Free PDF Tool,requirements; steps; options; limitations; validation; FAQs; related tools
doc-to-pdf,/tools/doc-to-pdf,doc to pdf online,transactional,students; professionals; small businesses,DOC to PDF Online – Free File Converter,requirements; steps; options; limitations; validation; FAQs; related tools
docx-to-pdf,/tools/docx-to-pdf,docx to pdf online,transactional,students; professionals; small businesses,DOCX to PDF Online – Free File Converter,requirements; steps; options; limitations; validation; FAQs; related tools
eml-to-pdf,/tools/eml-to-pdf,eml to pdf online,transactional,students; professionals; small businesses,EML to PDF Online – Free File Converter,requirements; steps; options; limitations; validation; FAQs; related tools
epub-to-pdf,/tools/epub-to-pdf,epub to pdf online,transactional,students; professionals; small businesses,EPUB to PDF Online – Free File Converter,requirements; steps; options; limitations; validation; FAQs; related tools
excel-pdf,/tools/excel-pdf,excel to pdf online,transactional,students; professionals; small businesses,Excel to PDF Online – Free PDF Tool,requirements; steps; options; limitations; validation; FAQs; related tools
excel-to-pdf,/tools/excel-to-pdf,excel to pdf online,transactional,students; professionals; small businesses,Excel to PDF Online – Free File Converter,requirements; steps; options; limitations; validation; FAQs; related tools
extract-images,/tools/extract-images,extract images online,transactional,students; professionals; small businesses,Extract Images Online – Free PDF Tool,requirements; steps; options; limitations; validation; FAQs; related tools
flatten-pdf,/tools/flatten-pdf,flatten pdf online,transactional,students; professionals; small businesses,Flatten PDF Online – Free PDF Tool,requirements; steps; options; limitations; validation; FAQs; related tools
flip-image,/tools/flip-image,flip image online,transactional,students; professionals; small businesses,Flip Image Online – Free PDF Tool,requirements; steps; options; limitations; validation; FAQs; related tools
gif-to-pdf,/tools/gif-to-pdf,gif to pdf online,transactional,students; professionals; small businesses,GIF to PDF Online – Free File Converter,requirements; steps; options; limitations; validation; FAQs; related tools
heic-pdf,/tools/heic-pdf,heic to pdf online,transactional,students; professionals; small businesses,HEIC to PDF Online – Free PDF Tool,requirements; steps; options; limitations; validation; FAQs; related tools
heic-to-pdf,/tools/heic-to-pdf,heic to pdf online,transactional,students; professionals; small businesses,HEIC to PDF Online – Free File Converter,requirements; steps; options; limitations; validation; FAQs; related tools
html-pdf,/tools/html-pdf,html to pdf online,transactional,students; professionals; small businesses,HTML to PDF Online – Free PDF Tool,requirements; steps; options; limitations; validation; FAQs; related tools
html-to-pdf,/tools/html-to-pdf,html to pdf online,transactional,students; professionals; small businesses,HTML to PDF Online – Free File Converter,requirements; steps; options; limitations; validation; FAQs; related tools
image-reducer,/tools/image-reducer,reduce image online,transactional,students; professionals; small businesses,Reduce Image Online – Free PDF Tool,requirements; steps; options; limitations; validation; FAQs; related tools
image-resizer,/tools/image-resizer,resize image online,transactional,students; professionals; small businesses,Resize Image Online – Free PDF Tool,requirements; steps; options; limitations; validation; FAQs; related tools
image-to-pdf,/tools/image-to-pdf,image to pdf online,transactional,students; professionals; small businesses,Image to PDF Online – Free File Converter,requirements; steps; options; limitations; validation; FAQs; related tools
jpeg-to-pdf,/tools/jpeg-to-pdf,jpeg to pdf online,transactional,students; professionals; small businesses,JPEG to PDF Online – Free File Converter,requirements; steps; options; limitations; validation; FAQs; related tools
jpg-pdf,/tools/jpg-pdf,jpg to pdf online,transactional,students; professionals; small businesses,JPG to PDF Online – Free PDF Tool,requirements; steps; options; limitations; validation; FAQs; related tools
jpg-to-pdf,/tools/jpg-to-pdf,jpg to pdf online,transactional,students; professionals; small businesses,JPG to PDF Online – Free File Converter,requirements; steps; options; limitations; validation; FAQs; related tools
json-pdf,/tools/json-pdf,json to pdf online,transactional,students; professionals; small businesses,JSON to PDF Online – Free PDF Tool,requirements; steps; options; limitations; validation; FAQs; related tools
json-to-pdf,/tools/json-to-pdf,json to pdf online,transactional,students; professionals; small businesses,JSON to PDF Online – Free File Converter,requirements; steps; options; limitations; validation; FAQs; related tools
markdown-to-pdf,/tools/markdown-to-pdf,markdown to pdf online,transactional,students; professionals; small businesses,Markdown to PDF Online – Free File Converter,requirements; steps; options; limitations; validation; FAQs; related tools
meme-generator,/tools/meme-generator,meme maker online,transactional,students; professionals; small businesses,Meme Maker Online – Free PDF Tool,requirements; steps; options; limitations; validation; FAQs; related tools
merge-pdf,/tools/merge-pdf,merge pdf online,transactional,students; professionals; small businesses,Merge PDF Online – Free PDF Tool,requirements; steps; options; limitations; validation; FAQs; related tools
mobi-to-pdf,/tools/mobi-to-pdf,mobi to pdf online,transactional,students; professionals; small businesses,MOBI to PDF Online – Free File Converter,requirements; steps; options; limitations; validation; FAQs; related tools
msg-to-pdf,/tools/msg-to-pdf,msg to pdf online,transactional,students; professionals; small businesses,MSG to PDF Online – Free File Converter,requirements; steps; options; limitations; validation; FAQs; related tools
odt-to-pdf,/tools/odt-to-pdf,odt to pdf online,transactional,students; professionals; small businesses,ODT to PDF Online – Free File Converter,requirements; steps; options; limitations; validation; FAQs; related tools
organize-pdf,/tools/organize-pdf,organize pdf online,transactional,students; professionals; small businesses,Organize PDF Online – Free PDF Tool,requirements; steps; options; limitations; validation; FAQs; related tools
page-number,/tools/page-number,page numbers online,transactional,students; professionals; small businesses,Page Numbers Online – Free PDF Tool,requirements; steps; options; limitations; validation; FAQs; related tools
pdf-a,/tools/pdf-a,pdf/a archive online,transactional,students; professionals; small businesses,PDF/A Archive Online – Free PDF Tool,requirements; steps; options; limitations; validation; FAQs; related tools
pdf-epub,/tools/pdf-epub,pdf to ebook online,transactional,students; professionals; small businesses,PDF to eBook Online – Free PDF Tool,requirements; steps; options; limitations; validation; FAQs; related tools
pdf-excel,/tools/pdf-excel,pdf to excel online,transactional,students; professionals; small businesses,PDF to Excel Online – Free PDF Tool,requirements; steps; options; limitations; validation; FAQs; related tools
pdf-jpg,/tools/pdf-jpg,pdf to jpg online,transactional,students; professionals; small businesses,PDF to JPG Online – Free PDF Tool,requirements; steps; options; limitations; validation; FAQs; related tools
pdf-metadata,/tools/pdf-metadata,edit metadata online,transactional,students; professionals; small businesses,Edit Metadata Online – Free PDF Tool,requirements; steps; options; limitations; validation; FAQs; related tools
pdf-pages-to-zip,/tools/pdf-pages-to-zip,pdf pages to zip online,transactional,students; professionals; small businesses,PDF Pages to ZIP Online – Free File Converter,requirements; steps; options; limitations; validation; FAQs; related tools
pdf-ppt,/tools/pdf-ppt,pdf to ppt online,transactional,students; professionals; small businesses,PDF to PPT Online – Free PDF Tool,requirements; steps; options; limitations; validation; FAQs; related tools
pdf-text,/tools/pdf-text,pdf to text online,transactional,students; professionals; small businesses,PDF to Text Online – Free PDF Tool,requirements; steps; options; limitations; validation; FAQs; related tools
pdf-to-avif,/tools/pdf-to-avif,pdf to avif online,transactional,students; professionals; small businesses,PDF to AVIF Online – Free File Converter,requirements; steps; options; limitations; validation; FAQs; related tools
pdf-to-azw3,/tools/pdf-to-azw3,pdf to azw3 online,transactional,students; professionals; small businesses,PDF to AZW3 Online – Free File Converter,requirements; steps; options; limitations; validation; FAQs; related tools
pdf-to-bmp,/tools/pdf-to-bmp,pdf to bmp online,transactional,students; professionals; small businesses,PDF to BMP Online – Free File Converter,requirements; steps; options; limitations; validation; FAQs; related tools
pdf-to-csv,/tools/pdf-to-csv,pdf to csv online,transactional,students; professionals; small businesses,PDF to CSV Online – Free File Converter,requirements; steps; options; limitations; validation; FAQs; related tools
pdf-to-docx,/tools/pdf-to-docx,pdf to docx online,transactional,students; professionals; small businesses,PDF to DOCX Online – Free File Converter,requirements; steps; options; limitations; validation; FAQs; related tools
pdf-to-epub,/tools/pdf-to-epub,pdf to epub online,transactional,students; professionals; small businesses,PDF to EPUB Online – Free File Converter,requirements; steps; options; limitations; validation; FAQs; related tools
pdf-to-excel,/tools/pdf-to-excel,pdf to excel online,transactional,students; professionals; small businesses,PDF to Excel Online – Free File Converter,requirements; steps; options; limitations; validation; FAQs; related tools
pdf-to-gif,/tools/pdf-to-gif,pdf to gif online,transactional,students; professionals; small businesses,PDF to GIF Online – Free File Converter,requirements; steps; options; limitations; validation; FAQs; related tools
pdf-to-heic,/tools/pdf-to-heic,pdf to heic online,transactional,students; professionals; small businesses,PDF to HEIC Online – Free File Converter,requirements; steps; options; limitations; validation; FAQs; related tools
pdf-to-html,/tools/pdf-to-html,pdf to html online,transactional,students; professionals; small businesses,PDF to HTML Online – Free File Converter,requirements; steps; options; limitations; validation; FAQs; related tools
pdf-to-image,/tools/pdf-to-image,pdf to image online,transactional,students; professionals; small businesses,PDF to Image Online – Free File Converter,requirements; steps; options; limitations; validation; FAQs; related tools
pdf-to-jpeg,/tools/pdf-to-jpeg,pdf to jpeg online,transactional,students; professionals; small businesses,PDF to JPEG Online – Free File Converter,requirements; steps; options; limitations; validation; FAQs; related tools
pdf-to-jpg,/tools/pdf-to-jpg,pdf to jpg online,transactional,students; professionals; small businesses,PDF to JPG Online – Free File Converter,requirements; steps; options; limitations; validation; FAQs; related tools
pdf-to-json,/tools/pdf-to-json,pdf to json online,transactional,students; professionals; small businesses,PDF to JSON Online – Free File Converter,requirements; steps; options; limitations; validation; FAQs; related tools
pdf-to-markdown,/tools/pdf-to-markdown,pdf to markdown online,transactional,students; professionals; small businesses,PDF to Markdown Online – Free File Converter,requirements; steps; options; limitations; validation; FAQs; related tools
pdf-to-mobi,/tools/pdf-to-mobi,pdf to mobi online,transactional,students; professionals; small businesses,PDF to MOBI Online – Free File Converter,requirements; steps; options; limitations; validation; FAQs; related tools
pdf-to-odt,/tools/pdf-to-odt,pdf to odt online,transactional,students; professionals; small businesses,PDF to ODT Online – Free File Converter,requirements; steps; options; limitations; validation; FAQs; related tools
pdf-to-png,/tools/pdf-to-png,pdf to png online,transactional,students; professionals; small businesses,PDF to PNG Online – Free File Converter,requirements; steps; options; limitations; validation; FAQs; related tools
pdf-to-powerpoint,/tools/pdf-to-powerpoint,pdf to powerpoint online,transactional,students; professionals; small businesses,PDF to PowerPoint Online – Free File Converter,requirements; steps; options; limitations; validation; FAQs; related tools
pdf-to-pptx,/tools/pdf-to-pptx,pdf to pptx online,transactional,students; professionals; small businesses,PDF to PPTX Online – Free File Converter,requirements; steps; options; limitations; validation; FAQs; related tools
pdf-to-rtf,/tools/pdf-to-rtf,pdf to rtf online,transactional,students; professionals; small businesses,PDF to RTF Online – Free File Converter,requirements; steps; options; limitations; validation; FAQs; related tools
pdf-to-svg,/tools/pdf-to-svg,pdf to svg online,transactional,students; professionals; small businesses,PDF to SVG Online – Free File Converter,requirements; steps; options; limitations; validation; FAQs; related tools
pdf-to-tiff,/tools/pdf-to-tiff,pdf to tiff online,transactional,students; professionals; small businesses,PDF to TIFF Online – Free File Converter,requirements; steps; options; limitations; validation; FAQs; related tools
pdf-to-txt,/tools/pdf-to-txt,pdf to txt online,transactional,students; professionals; small businesses,PDF to TXT Online – Free File Converter,requirements; steps; options; limitations; validation; FAQs; related tools
pdf-to-webp,/tools/pdf-to-webp,pdf to webp online,transactional,students; professionals; small businesses,PDF to WEBP Online – Free File Converter,requirements; steps; options; limitations; validation; FAQs; related tools
pdf-to-word,/tools/pdf-to-word,pdf to word online,transactional,students; professionals; small businesses,PDF to Word Online – Free File Converter,requirements; steps; options; limitations; validation; FAQs; related tools
pdf-to-xlsx,/tools/pdf-to-xlsx,pdf to xlsx online,transactional,students; professionals; small businesses,PDF to XLSX Online – Free File Converter,requirements; steps; options; limitations; validation; FAQs; related tools
pdf-to-xml,/tools/pdf-to-xml,pdf to xml online,transactional,students; professionals; small businesses,PDF to XML Online – Free File Converter,requirements; steps; options; limitations; validation; FAQs; related tools
pdf-word,/tools/pdf-word,pdf to word online,transactional,students; professionals; small businesses,PDF to Word Online – Free PDF Tool,requirements; steps; options; limitations; validation; FAQs; related tools
pdf-zip-extract,/tools/pdf-zip-extract,pdf to zip online,transactional,students; professionals; small businesses,PDF to ZIP Online – Free PDF Tool,requirements; steps; options; limitations; validation; FAQs; related tools
photo-editor,/tools/photo-editor,photo editor online,transactional,students; professionals; small businesses,Photo Editor Online – Free PDF Tool,requirements; steps; options; limitations; validation; FAQs; related tools
png-to-pdf,/tools/png-to-pdf,png to pdf online,transactional,students; professionals; small businesses,PNG to PDF Online – Free File Converter,requirements; steps; options; limitations; validation; FAQs; related tools
powerpoint-to-pdf,/tools/powerpoint-to-pdf,powerpoint to pdf online,transactional,students; professionals; small businesses,PowerPoint to PDF Online – Free File Converter,requirements; steps; options; limitations; validation; FAQs; related tools
ppt-pdf,/tools/ppt-pdf,ppt to pdf online,transactional,students; professionals; small businesses,PPT to PDF Online – Free PDF Tool,requirements; steps; options; limitations; validation; FAQs; related tools
ppt-to-pdf,/tools/ppt-to-pdf,ppt to pdf online,transactional,students; professionals; small businesses,PPT to PDF Online – Free File Converter,requirements; steps; options; limitations; validation; FAQs; related tools
ppt-word,/tools/ppt-word,ppt to word online,transactional,students; professionals; small businesses,PPT to Word Online – Free PDF Tool,requirements; steps; options; limitations; validation; FAQs; related tools
pptx-to-pdf,/tools/pptx-to-pdf,pptx to pdf online,transactional,students; professionals; small businesses,PPTX to PDF Online – Free File Converter,requirements; steps; options; limitations; validation; FAQs; related tools
protect-pdf,/tools/protect-pdf,protect pdf online,transactional,students; professionals; small businesses,Protect PDF Online – Free PDF Tool,requirements; steps; options; limitations; validation; FAQs; related tools
psd-pdf,/tools/psd-pdf,psd to pdf online,transactional,students; professionals; small businesses,PSD to PDF Online – Free PDF Tool,requirements; steps; options; limitations; validation; FAQs; related tools
remove-bg,/tools/remove-bg,remove background online,transactional,students; professionals; small businesses,Remove Background Online – Free PDF Tool,requirements; steps; options; limitations; validation; FAQs; related tools
repair-pdf,/tools/repair-pdf,repair pdf online,transactional,students; professionals; small businesses,Repair PDF Online – Free PDF Tool,requirements; steps; options; limitations; validation; FAQs; related tools
rotate-image,/tools/rotate-image,rotate image online,transactional,students; professionals; small businesses,Rotate Image Online – Free PDF Tool,requirements; steps; options; limitations; validation; FAQs; related tools
rotate-pdf,/tools/rotate-pdf,rotate pdf online,transactional,students; professionals; small businesses,Rotate PDF Online – Free PDF Tool,requirements; steps; options; limitations; validation; FAQs; related tools
rtf-to-pdf,/tools/rtf-to-pdf,rtf to pdf online,transactional,students; professionals; small businesses,RTF to PDF Online – Free File Converter,requirements; steps; options; limitations; validation; FAQs; related tools
sign-pdf,/tools/sign-pdf,sign pdf online,transactional,students; professionals; small businesses,Sign PDF Online – Free PDF Tool,requirements; steps; options; limitations; validation; FAQs; related tools
smart-read,/tools/smart-read,smart read online,transactional,students; professionals; small businesses,Smart Read Online – Free PDF Tool,requirements; steps; options; limitations; validation; FAQs; related tools
split-pdf,/tools/split-pdf,split pdf online,transactional,students; professionals; small businesses,Split PDF Online – Free PDF Tool,requirements; steps; options; limitations; validation; FAQs; related tools
subtitle-generator,/tools/subtitle-generator,subtitle creator online,transactional,students; professionals; small businesses,Subtitle Creator Online – Free PDF Tool,requirements; steps; options; limitations; validation; FAQs; related tools
svg-to-pdf,/tools/svg-to-pdf,svg to pdf online,transactional,students; professionals; small businesses,SVG to PDF Online – Free File Converter,requirements; steps; options; limitations; validation; FAQs; related tools
tiff-to-pdf,/tools/tiff-to-pdf,tiff to pdf online,transactional,students; professionals; small businesses,TIFF to PDF Online – Free File Converter,requirements; steps; options; limitations; validation; FAQs; related tools
txt-pdf,/tools/txt-pdf,txt to pdf online,transactional,students; professionals; small businesses,TXT to PDF Online – Free PDF Tool,requirements; steps; options; limitations; validation; FAQs; related tools
txt-to-pdf,/tools/txt-to-pdf,txt to pdf online,transactional,students; professionals; small businesses,TXT to PDF Online – Free File Converter,requirements; steps; options; limitations; validation; FAQs; related tools
unlock-pdf,/tools/unlock-pdf,unlock pdf online,transactional,students; professionals; small businesses,Unlock PDF Online – Free PDF Tool,requirements; steps; options; limitations; validation; FAQs; related tools
upscale-image,/tools/upscale-image,enlarge image online,transactional,students; professionals; small businesses,Enlarge Image Online – Free PDF Tool,requirements; steps; options; limitations; validation; FAQs; related tools
url-to-pdf,/tools/url-to-pdf,url to pdf online,transactional,students; professionals; small businesses,URL to PDF Online – Free File Converter,requirements; steps; options; limitations; validation; FAQs; related tools
watermark-image,/tools/watermark-image,watermark image online,transactional,students; professionals; small businesses,Watermark Image Online – Free PDF Tool,requirements; steps; options; limitations; validation; FAQs; related tools
watermark-pdf,/tools/watermark-pdf,watermark pdf online,transactional,students; professionals; small businesses,Watermark PDF Online – Free PDF Tool,requirements; steps; options; limitations; validation; FAQs; related tools
webp-to-pdf,/tools/webp-to-pdf,webp to pdf online,transactional,students; professionals; small businesses,WEBP to PDF Online – Free File Converter,requirements; steps; options; limitations; validation; FAQs; related tools
word-pdf,/tools/word-pdf,word to pdf online,transactional,students; professionals; small businesses,Word to PDF Online – Free PDF Tool,requirements; steps; options; limitations; validation; FAQs; related tools
word-to-pdf,/tools/word-to-pdf,word to pdf online,transactional,students; professionals; small businesses,Word to PDF Online – Free File Converter,requirements; steps; options; limitations; validation; FAQs; related tools
xls-to-pdf,/tools/xls-to-pdf,xls to pdf online,transactional,students; professionals; small businesses,XLS to PDF Online – Free File Converter,requirements; steps; options; limitations; validation; FAQs; related tools
xlsx-to-pdf,/tools/xlsx-to-pdf,xlsx to pdf online,transactional,students; professionals; small businesses,XLSX to PDF Online – Free File Converter,requirements; steps; options; limitations; validation; FAQs; related tools
xml-pdf,/tools/xml-pdf,xml to pdf online,transactional,students; professionals; small businesses,XML to PDF Online – Free PDF Tool,requirements; steps; options; limitations; validation; FAQs; related tools
xml-to-pdf,/tools/xml-to-pdf,xml to pdf online,transactional,students; professionals; small businesses,XML to PDF Online – Free File Converter,requirements; steps; options; limitations; validation; FAQs; related tools
xps-to-pdf,/tools/xps-to-pdf,xps to pdf online,transactional,students; professionals; small businesses,XPS to PDF Online – Free File Converter,requirements; steps; options; limitations; validation; FAQs; related tools
zip-extractor,/tools/zip-extractor,zip extractor online,transactional,students; professionals; small businesses,ZIP Extractor Online – Free PDF Tool,requirements; steps; options; limitations; validation; FAQs; related tools
