url,sitemap_file,changefreq,priority,lastmod
https://ajnpdf.com/,sitemap-main.xml,weekly,1.0,2026-06-03
https://ajnpdf.com/pdf-tools,sitemap-main.xml,weekly,0.95,2026-06-03
https://ajnpdf.com/image-tools,sitemap-main.xml,weekly,0.9,2026-06-03
https://ajnpdf.com/ocr-tools,sitemap-main.xml,weekly,0.88,2026-06-03
https://ajnpdf.com/ai-pdf-tools,sitemap-main.xml,weekly,0.88,2026-06-03
https://ajnpdf.com/about,sitemap-main.xml,monthly,0.7,2026-06-03
https://ajnpdf.com/contact,sitemap-main.xml,monthly,0.6,2026-06-03
https://ajnpdf.com/security,sitemap-main.xml,monthly,0.75,2026-06-03
https://ajnpdf.com/privacy,sitemap-main.xml,yearly,0.5,2026-06-03
https://ajnpdf.com/terms,sitemap-main.xml,yearly,0.5,2026-06-03
https://ajnpdf.com/cookies,sitemap-main.xml,yearly,0.4,2026-06-03
https://ajnpdf.com/dmca,sitemap-main.xml,yearly,0.4,2026-06-03
https://ajnpdf.com/faq,sitemap-main.xml,monthly,0.7,2026-06-03
https://ajnpdf.com/transparency,sitemap-main.xml,monthly,0.5,2026-06-03
https://ajnpdf.com/pricing,sitemap-main.xml,monthly,0.7,2026-06-03
https://ajnpdf.com/api,sitemap-main.xml,monthly,0.65,2026-06-03
https://ajnpdf.com/developers,sitemap-main.xml,monthly,0.6,2026-06-03
https://ajnpdf.com/status,sitemap-main.xml,weekly,0.5,2026-06-03
https://ajnpdf.com/blog,sitemap-main.xml,weekly,0.8,2026-06-03
https://ajnpdf.com/tools/merge-pdf,sitemap-tools.xml,monthly,0.95,2026-06-03
https://ajnpdf.com/tools/split-pdf,sitemap-tools.xml,monthly,0.95,2026-06-03
https://ajnpdf.com/tools/compress-pdf,sitemap-tools.xml,monthly,0.95,2026-06-03
https://ajnpdf.com/tools/rotate-pdf,sitemap-tools.xml,monthly,0.7,2026-06-03
https://ajnpdf.com/tools/delete-pdf-pages,sitemap-tools.xml,monthly,0.7,2026-06-03
https://ajnpdf.com/tools/organize-pdf,sitemap-tools.xml,monthly,0.7,2026-06-03
https://ajnpdf.com/tools/crop-pdf,sitemap-tools.xml,monthly,0.7,2026-06-03
https://ajnpdf.com/tools/watermark-pdf,sitemap-tools.xml,monthly,0.7,2026-06-03
https://ajnpdf.com/tools/page-number,sitemap-tools.xml,monthly,0.7,2026-06-03
https://ajnpdf.com/tools/flatten-pdf,sitemap-tools.xml,monthly,0.7,2026-06-03
https://ajnpdf.com/tools/repair-pdf,sitemap-tools.xml,monthly,0.7,2026-06-03
https://ajnpdf.com/tools/compare-pdf,sitemap-tools.xml,monthly,0.7,2026-06-03
https://ajnpdf.com/tools/word-pdf,sitemap-tools.xml,monthly,0.85,2026-06-03
https://ajnpdf.com/tools/pdf-word,sitemap-tools.xml,monthly,0.85,2026-06-03
https://ajnpdf.com/tools/excel-pdf,sitemap-tools.xml,monthly,0.7,2026-06-03
https://ajnpdf.com/tools/pdf-excel,sitemap-tools.xml,monthly,0.7,2026-06-03
https://ajnpdf.com/tools/ppt-pdf,sitemap-tools.xml,monthly,0.7,2026-06-03
https://ajnpdf.com/tools/pdf-ppt,sitemap-tools.xml,monthly,0.7,2026-06-03
https://ajnpdf.com/tools/jpg-pdf,sitemap-tools.xml,monthly,0.85,2026-06-03
https://ajnpdf.com/tools/png-to-pdf,sitemap-tools.xml,monthly,0.7,2026-06-03
https://ajnpdf.com/tools/pdf-jpg,sitemap-tools.xml,monthly,0.85,2026-06-03
https://ajnpdf.com/tools/pdf-png,sitemap-tools.xml,monthly,0.7,2026-06-03
https://ajnpdf.com/tools/pdf-webp,sitemap-tools.xml,monthly,0.7,2026-06-03
https://ajnpdf.com/tools/pdf-tiff,sitemap-tools.xml,monthly,0.7,2026-06-03
https://ajnpdf.com/tools/pdf-gif,sitemap-tools.xml,monthly,0.7,2026-06-03
https://ajnpdf.com/tools/pdf-bmp,sitemap-tools.xml,monthly,0.7,2026-06-03
https://ajnpdf.com/tools/pdf-svg,sitemap-tools.xml,monthly,0.7,2026-06-03
https://ajnpdf.com/tools/extract-images,sitemap-tools.xml,monthly,0.7,2026-06-03
https://ajnpdf.com/tools/heic-pdf,sitemap-tools.xml,monthly,0.7,2026-06-03
https://ajnpdf.com/tools/psd-pdf,sitemap-tools.xml,monthly,0.7,2026-06-03
https://ajnpdf.com/tools/html-pdf,sitemap-tools.xml,monthly,0.7,2026-06-03
https://ajnpdf.com/tools/json-pdf,sitemap-tools.xml,monthly,0.7,2026-06-03
https://ajnpdf.com/tools/xml-pdf,sitemap-tools.xml,monthly,0.7,2026-06-03
https://ajnpdf.com/tools/txt-pdf,sitemap-tools.xml,monthly,0.7,2026-06-03
https://ajnpdf.com/tools/csv-pdf,sitemap-tools.xml,monthly,0.7,2026-06-03
https://ajnpdf.com/tools/markdown-pdf,sitemap-tools.xml,monthly,0.7,2026-06-03
https://ajnpdf.com/tools/svg-pdf,sitemap-tools.xml,monthly,0.7,2026-06-03
https://ajnpdf.com/tools/gif-pdf,sitemap-tools.xml,monthly,0.7,2026-06-03
https://ajnpdf.com/tools/tiff-pdf,sitemap-tools.xml,monthly,0.7,2026-06-03
https://ajnpdf.com/tools/bmp-pdf,sitemap-tools.xml,monthly,0.7,2026-06-03
https://ajnpdf.com/tools/webp-pdf,sitemap-tools.xml,monthly,0.7,2026-06-03
https://ajnpdf.com/tools/rtf-pdf,sitemap-tools.xml,monthly,0.7,2026-06-03
https://ajnpdf.com/tools/odt-pdf,sitemap-tools.xml,monthly,0.7,2026-06-03
https://ajnpdf.com/tools/epub-pdf,sitemap-tools.xml,monthly,0.7,2026-06-03
https://ajnpdf.com/tools/keynote-pdf,sitemap-tools.xml,monthly,0.7,2026-06-03
https://ajnpdf.com/tools/pages-pdf,sitemap-tools.xml,monthly,0.7,2026-06-03
https://ajnpdf.com/tools/numbers-pdf,sitemap-tools.xml,monthly,0.7,2026-06-03
https://ajnpdf.com/tools/pdf-epub,sitemap-tools.xml,monthly,0.7,2026-06-03
https://ajnpdf.com/tools/pdf-a,sitemap-tools.xml,monthly,0.7,2026-06-03
https://ajnpdf.com/tools/pdf-ua,sitemap-tools.xml,monthly,0.7,2026-06-03
https://ajnpdf.com/tools/sign-pdf,sitemap-tools.xml,monthly,0.85,2026-06-03
https://ajnpdf.com/tools/protect-pdf,sitemap-tools.xml,monthly,0.7,2026-06-03
https://ajnpdf.com/tools/unlock-pdf,sitemap-tools.xml,monthly,0.7,2026-06-03
https://ajnpdf.com/tools/smart-read,sitemap-tools.xml,monthly,0.7,2026-06-03
https://ajnpdf.com/tools/pdf-zip-extract,sitemap-tools.xml,monthly,0.7,2026-06-03
https://ajnpdf.com/tools/pdf-to-zip,sitemap-tools.xml,monthly,0.7,2026-06-03
https://ajnpdf.com/tools/zip-extractor,sitemap-tools.xml,monthly,0.7,2026-06-03
https://ajnpdf.com/tools/pdf-metadata,sitemap-tools.xml,monthly,0.7,2026-06-03
https://ajnpdf.com/tools/add-text,sitemap-tools.xml,monthly,0.7,2026-06-03
https://ajnpdf.com/tools/add-image-to-pdf,sitemap-tools.xml,monthly,0.7,2026-06-03
https://ajnpdf.com/tools/screenshot-to-pdf,sitemap-tools.xml,monthly,0.7,2026-06-03
https://ajnpdf.com/tools/pdf-redact,sitemap-tools.xml,monthly,0.7,2026-06-03
https://ajnpdf.com/tools/pdf-annotate,sitemap-tools.xml,monthly,0.7,2026-06-03
https://ajnpdf.com/tools/pdf-highlight,sitemap-tools.xml,monthly,0.7,2026-06-03
https://ajnpdf.com/tools/pdf-stamp,sitemap-tools.xml,monthly,0.7,2026-06-03
https://ajnpdf.com/tools/pdf-header-footer,sitemap-tools.xml,monthly,0.7,2026-06-03
https://ajnpdf.com/tools/pdf-bookmarks,sitemap-tools.xml,monthly,0.7,2026-06-03
https://ajnpdf.com/tools/pdf-form-filler,sitemap-tools.xml,monthly,0.7,2026-06-03
https://ajnpdf.com/tools/pdf-background,sitemap-tools.xml,monthly,0.7,2026-06-03
https://ajnpdf.com/tools/pdf-hyperlinks,sitemap-tools.xml,monthly,0.7,2026-06-03
https://ajnpdf.com/tools/pdf-grayscale,sitemap-tools.xml,monthly,0.7,2026-06-03
https://ajnpdf.com/tools/pdf-linearize,sitemap-tools.xml,monthly,0.7,2026-06-03
https://ajnpdf.com/tools/pdf-ocr-hindi,sitemap-tools.xml,monthly,0.85,2026-06-03
https://ajnpdf.com/tools/pdf-ocr-tamil,sitemap-tools.xml,monthly,0.85,2026-06-03
https://ajnpdf.com/tools/pdf-ocr-telugu,sitemap-tools.xml,monthly,0.85,2026-06-03
https://ajnpdf.com/tools/pdf-ocr-kannada,sitemap-tools.xml,monthly,0.85,2026-06-03
https://ajnpdf.com/tools/pdf-ocr-bengali,sitemap-tools.xml,monthly,0.85,2026-06-03
https://ajnpdf.com/tools/pdf-ocr-marathi,sitemap-tools.xml,monthly,0.85,2026-06-03
https://ajnpdf.com/tools/pdf-ocr-gujarati,sitemap-tools.xml,monthly,0.85,2026-06-03
https://ajnpdf.com/tools/pdf-ocr-punjabi,sitemap-tools.xml,monthly,0.85,2026-06-03
https://ajnpdf.com/tools/pdf-csv,sitemap-tools.xml,monthly,0.7,2026-06-03
https://ajnpdf.com/tools/pdf-txt,sitemap-tools.xml,monthly,0.7,2026-06-03
https://ajnpdf.com/tools/pdf-html,sitemap-tools.xml,monthly,0.7,2026-06-03
https://ajnpdf.com/tools/pdf-xml,sitemap-tools.xml,monthly,0.7,2026-06-03
https://ajnpdf.com/tools/pdf-json,sitemap-tools.xml,monthly,0.7,2026-06-03
https://ajnpdf.com/tools/pdf-markdown,sitemap-tools.xml,monthly,0.7,2026-06-03
https://ajnpdf.com/tools/pdf-rtf,sitemap-tools.xml,monthly,0.7,2026-06-03
https://ajnpdf.com/tools/pdf-odt,sitemap-tools.xml,monthly,0.7,2026-06-03
https://ajnpdf.com/tools/image-reducer,sitemap-tools.xml,monthly,0.85,2026-06-03
https://ajnpdf.com/tools/image-resizer,sitemap-tools.xml,monthly,0.7,2026-06-03
https://ajnpdf.com/tools/crop-image,sitemap-tools.xml,monthly,0.7,2026-06-03
https://ajnpdf.com/tools/upscale-image,sitemap-tools.xml,monthly,0.7,2026-06-03
https://ajnpdf.com/tools/remove-bg,sitemap-tools.xml,monthly,0.85,2026-06-03
https://ajnpdf.com/tools/photo-editor,sitemap-tools.xml,monthly,0.7,2026-06-03
https://ajnpdf.com/tools/rotate-image,sitemap-tools.xml,monthly,0.7,2026-06-03
https://ajnpdf.com/tools/watermark-image,sitemap-tools.xml,monthly,0.7,2026-06-03
https://ajnpdf.com/tools/flip-image,sitemap-tools.xml,monthly,0.7,2026-06-03
https://ajnpdf.com/tools/convert-image,sitemap-tools.xml,monthly,0.7,2026-06-03
https://ajnpdf.com/tools/blur-face,sitemap-tools.xml,monthly,0.7,2026-06-03
https://ajnpdf.com/tools/meme-generator,sitemap-tools.xml,monthly,0.7,2026-06-03
https://ajnpdf.com/tools/html-image,sitemap-tools.xml,monthly,0.7,2026-06-03
https://ajnpdf.com/tools/heic-jpg,sitemap-tools.xml,monthly,0.7,2026-06-03
https://ajnpdf.com/tools/heic-png,sitemap-tools.xml,monthly,0.7,2026-06-03
https://ajnpdf.com/tools/jpg-png,sitemap-tools.xml,monthly,0.7,2026-06-03
https://ajnpdf.com/tools/png-jpg,sitemap-tools.xml,monthly,0.7,2026-06-03
https://ajnpdf.com/tools/jpg-webp,sitemap-tools.xml,monthly,0.7,2026-06-03
https://ajnpdf.com/tools/webp-jpg,sitemap-tools.xml,monthly,0.7,2026-06-03
https://ajnpdf.com/tools/png-webp,sitemap-tools.xml,monthly,0.7,2026-06-03
https://ajnpdf.com/tools/webp-png,sitemap-tools.xml,monthly,0.7,2026-06-03
https://ajnpdf.com/tools/gif-jpg,sitemap-tools.xml,monthly,0.7,2026-06-03
https://ajnpdf.com/tools/tiff-jpg,sitemap-tools.xml,monthly,0.7,2026-06-03
https://ajnpdf.com/tools/bmp-jpg,sitemap-tools.xml,monthly,0.7,2026-06-03
https://ajnpdf.com/tools/svg-png,sitemap-tools.xml,monthly,0.7,2026-06-03
https://ajnpdf.com/tools/compress-image,sitemap-tools.xml,monthly,0.7,2026-06-03
https://ajnpdf.com/tools/grayscale-image,sitemap-tools.xml,monthly,0.7,2026-06-03
https://ajnpdf.com/tools/image-to-base64,sitemap-tools.xml,monthly,0.7,2026-06-03
https://ajnpdf.com/tools/base64-to-image,sitemap-tools.xml,monthly,0.7,2026-06-03
https://ajnpdf.com/tools/add-border-image,sitemap-tools.xml,monthly,0.7,2026-06-03
https://ajnpdf.com/tools/round-corners-image,sitemap-tools.xml,monthly,0.7,2026-06-03
https://ajnpdf.com/tools/collage-maker,sitemap-tools.xml,monthly,0.7,2026-06-03
https://ajnpdf.com/tools/passport-photo,sitemap-tools.xml,monthly,0.7,2026-06-03
https://ajnpdf.com/tools/qr-code-generator,sitemap-tools.xml,monthly,0.7,2026-06-03
https://ajnpdf.com/tools/barcode-generator,sitemap-tools.xml,monthly,0.7,2026-06-03
https://ajnpdf.com/tools/ocr-advanced,sitemap-tools.xml,monthly,0.85,2026-06-03
https://ajnpdf.com/tools/ocr-scanner,sitemap-tools.xml,monthly,0.85,2026-06-03
https://ajnpdf.com/tools/ocr-searchable,sitemap-tools.xml,monthly,0.85,2026-06-03
https://ajnpdf.com/blog/browser-native-pdf-merging,sitemap-blog.xml,monthly,0.65,2026-06-03
https://ajnpdf.com/blog/pdf-compression-guide-2026,sitemap-blog.xml,monthly,0.65,2026-06-03
https://ajnpdf.com/blog/why-local-first-is-better,sitemap-blog.xml,monthly,0.65,2026-06-03
https://ajnpdf.com/blog/neural-ocr-deep-dive,sitemap-blog.xml,monthly,0.65,2026-06-03
https://ajnpdf.com/blog/pdf-productivity-hacks,sitemap-blog.xml,monthly,0.65,2026-06-03
https://ajnpdf.com/blog/securing-digital-signatures,sitemap-blog.xml,monthly,0.65,2026-06-03
https://ajnpdf.com/blog/choosing-pdf-vs-word,sitemap-blog.xml,monthly,0.65,2026-06-03
https://ajnpdf.com/blog/browser-tools-for-students,sitemap-blog.xml,monthly,0.65,2026-06-03
https://ajnpdf.com/blog/organizing-project-files,sitemap-blog.xml,monthly,0.65,2026-06-03
https://ajnpdf.com/blog/future-of-document-engineering,sitemap-blog.xml,monthly,0.65,2026-06-03
https://ajnpdf.com/blog/how-to-split-pdf-free,sitemap-blog.xml,monthly,0.65,2026-06-03
https://ajnpdf.com/blog/convert-word-to-pdf-locally,sitemap-blog.xml,monthly,0.65,2026-06-03
https://ajnpdf.com/blog/pdf-watermark-guide,sitemap-blog.xml,monthly,0.65,2026-06-03
https://ajnpdf.com/blog/rotate-pdf-pages-guide,sitemap-blog.xml,monthly,0.65,2026-06-03
https://ajnpdf.com/blog/what-is-webassembly,sitemap-blog.xml,monthly,0.65,2026-06-03
https://ajnpdf.com/blog/image-compression-tips,sitemap-blog.xml,monthly,0.65,2026-06-03
https://ajnpdf.com/blog/jpg-vs-png-vs-webp,sitemap-blog.xml,monthly,0.65,2026-06-03
https://ajnpdf.com/blog/remove-background-ai-guide,sitemap-blog.xml,monthly,0.65,2026-06-03
https://ajnpdf.com/blog/ocr-languages-supported,sitemap-blog.xml,monthly,0.65,2026-06-03
https://ajnpdf.com/blog/pdf-metadata-privacy,sitemap-blog.xml,monthly,0.65,2026-06-03
https://ajnpdf.com/blog/how-to-protect-pdf-with-password,sitemap-blog.xml,monthly,0.65,2026-06-03
https://ajnpdf.com/blog/sign-pdf-legally-free,sitemap-blog.xml,monthly,0.65,2026-06-03
https://ajnpdf.com/blog/best-free-pdf-tools-2026,sitemap-blog.xml,monthly,0.65,2026-06-03
https://ajnpdf.com/blog/heic-to-pdf-iphone-guide,sitemap-blog.xml,monthly,0.65,2026-06-03
https://ajnpdf.com/blog/excel-to-pdf-guide,sitemap-blog.xml,monthly,0.65,2026-06-03
https://ajnpdf.com/blog/jpg-to-pdf-multiple-images,sitemap-blog.xml,monthly,0.65,2026-06-03
https://ajnpdf.com/blog/how-to-crop-pdf-pages,sitemap-blog.xml,monthly,0.65,2026-06-03
https://ajnpdf.com/blog/pdf-to-excel-table-extraction,sitemap-blog.xml,monthly,0.65,2026-06-03
https://ajnpdf.com/blog/compress-pdf-for-email,sitemap-blog.xml,monthly,0.65,2026-06-03
https://ajnpdf.com/blog/compress-pdf-for-government-portal,sitemap-blog.xml,monthly,0.65,2026-06-03
https://ajnpdf.com/blog/privacy-risks-cloud-pdf-tools,sitemap-blog.xml,monthly,0.65,2026-06-03
https://ajnpdf.com/blog/pdf-tools-for-government-forms-india,sitemap-blog.xml,monthly,0.65,2026-06-03
https://ajnpdf.com/blog/how-to-ocr-scanned-documents,sitemap-blog.xml,monthly,0.65,2026-06-03
https://ajnpdf.com/blog/batch-pdf-processing-guide,sitemap-blog.xml,monthly,0.65,2026-06-03
https://ajnpdf.com/blog/pdf-accessibility-guide,sitemap-blog.xml,monthly,0.65,2026-06-03
https://ajnpdf.com/blog/webassembly-browser-processing,sitemap-blog.xml,monthly,0.65,2026-06-03
https://ajnpdf.com/blog/heic-format-explained,sitemap-blog.xml,monthly,0.65,2026-06-03
https://ajnpdf.com/blog/digital-signature-laws-india,sitemap-blog.xml,monthly,0.65,2026-06-03
https://ajnpdf.com/blog/reduce-pdf-size-without-losing-quality,sitemap-blog.xml,monthly,0.65,2026-06-03
https://ajnpdf.com/blog/pdf-vs-docx-which-to-send,sitemap-blog.xml,monthly,0.65,2026-06-03
https://ajnpdf.com/blog/how-to-make-image-smaller-without-losing-quality,sitemap-blog.xml,monthly,0.65,2026-06-03
https://ajnpdf.com/blog/category/security,sitemap-blog.xml,weekly,0.55,2026-06-03
https://ajnpdf.com/blog/category/guide,sitemap-blog.xml,weekly,0.55,2026-06-03
https://ajnpdf.com/blog/category/productivity,sitemap-blog.xml,weekly,0.55,2026-06-03
https://ajnpdf.com/blog/category/engineering,sitemap-blog.xml,weekly,0.55,2026-06-03
https://ajnpdf.com/blog/category/legal,sitemap-blog.xml,weekly,0.55,2026-06-03
https://ajnpdf.com/blog/category/academic,sitemap-blog.xml,weekly,0.55,2026-06-03
https://ajnpdf.com/blog/category/workflow,sitemap-blog.xml,weekly,0.55,2026-06-03
https://ajnpdf.com/blog/category/optimization,sitemap-blog.xml,weekly,0.55,2026-06-03
https://ajnpdf.com/blog/category/analysis,sitemap-blog.xml,weekly,0.55,2026-06-03
https://ajnpdf.com/blog/category/intelligence,sitemap-blog.xml,weekly,0.55,2026-06-03
https://ajnpdf.com/merge-pdf-free,sitemap-seo-pages.xml,monthly,0.85,2026-06-03
https://ajnpdf.com/split-pdf-free,sitemap-seo-pages.xml,monthly,0.85,2026-06-03
https://ajnpdf.com/compress-pdf-free,sitemap-seo-pages.xml,monthly,0.85,2026-06-03
https://ajnpdf.com/convert-pdf-to-word-free,sitemap-seo-pages.xml,monthly,0.85,2026-06-03
https://ajnpdf.com/convert-word-to-pdf-free,sitemap-seo-pages.xml,monthly,0.85,2026-06-03
https://ajnpdf.com/pdf-to-jpg-free,sitemap-seo-pages.xml,monthly,0.85,2026-06-03
https://ajnpdf.com/jpg-to-pdf-free,sitemap-seo-pages.xml,monthly,0.85,2026-06-03
https://ajnpdf.com/png-to-pdf-free,sitemap-seo-pages.xml,monthly,0.85,2026-06-03
https://ajnpdf.com/remove-background-free,sitemap-seo-pages.xml,monthly,0.85,2026-06-03
https://ajnpdf.com/sign-pdf-free,sitemap-seo-pages.xml,monthly,0.85,2026-06-03
https://ajnpdf.com/protect-pdf-free,sitemap-seo-pages.xml,monthly,0.6,2026-06-03
https://ajnpdf.com/unlock-pdf-free,sitemap-seo-pages.xml,monthly,0.6,2026-06-03
https://ajnpdf.com/ocr-pdf-free,sitemap-seo-pages.xml,monthly,0.6,2026-06-03
https://ajnpdf.com/pdf-to-excel-free,sitemap-seo-pages.xml,monthly,0.6,2026-06-03
https://ajnpdf.com/excel-to-pdf-free,sitemap-seo-pages.xml,monthly,0.6,2026-06-03
https://ajnpdf.com/ppt-to-pdf-free,sitemap-seo-pages.xml,monthly,0.6,2026-06-03
https://ajnpdf.com/pdf-to-ppt-free,sitemap-seo-pages.xml,monthly,0.6,2026-06-03
https://ajnpdf.com/reduce-image-size-free,sitemap-seo-pages.xml,monthly,0.6,2026-06-03
https://ajnpdf.com/resize-image-free,sitemap-seo-pages.xml,monthly,0.6,2026-06-03
https://ajnpdf.com/crop-image-free,sitemap-seo-pages.xml,monthly,0.6,2026-06-03
https://ajnpdf.com/upscale-image-free,sitemap-seo-pages.xml,monthly,0.6,2026-06-03
https://ajnpdf.com/watermark-pdf-free,sitemap-seo-pages.xml,monthly,0.6,2026-06-03
https://ajnpdf.com/rotate-pdf-free,sitemap-seo-pages.xml,monthly,0.6,2026-06-03
https://ajnpdf.com/heic-to-pdf-free,sitemap-seo-pages.xml,monthly,0.6,2026-06-03
https://ajnpdf.com/html-to-pdf-free,sitemap-seo-pages.xml,monthly,0.6,2026-06-03
https://ajnpdf.com/crop-pdf-free,sitemap-seo-pages.xml,monthly,0.6,2026-06-03
https://ajnpdf.com/add-page-numbers-pdf-free,sitemap-seo-pages.xml,monthly,0.6,2026-06-03
https://ajnpdf.com/compare-pdf-free,sitemap-seo-pages.xml,monthly,0.6,2026-06-03
https://ajnpdf.com/repair-pdf-free,sitemap-seo-pages.xml,monthly,0.6,2026-06-03
https://ajnpdf.com/flatten-pdf-free,sitemap-seo-pages.xml,monthly,0.6,2026-06-03
https://ajnpdf.com/extract-images-from-pdf-free,sitemap-seo-pages.xml,monthly,0.6,2026-06-03
https://ajnpdf.com/edit-pdf-metadata-free,sitemap-seo-pages.xml,monthly,0.6,2026-06-03
https://ajnpdf.com/pdf-to-epub-free,sitemap-seo-pages.xml,monthly,0.6,2026-06-03
https://ajnpdf.com/organize-pdf-pages-free,sitemap-seo-pages.xml,monthly,0.6,2026-06-03
https://ajnpdf.com/remove-pages-pdf-free,sitemap-seo-pages.xml,monthly,0.6,2026-06-03
https://ajnpdf.com/scan-to-text-free,sitemap-seo-pages.xml,monthly,0.6,2026-06-03
https://ajnpdf.com/make-pdf-searchable-free,sitemap-seo-pages.xml,monthly,0.6,2026-06-03
https://ajnpdf.com/convert-image-free,sitemap-seo-pages.xml,monthly,0.6,2026-06-03
https://ajnpdf.com/blur-faces-photo-free,sitemap-seo-pages.xml,monthly,0.6,2026-06-03
https://ajnpdf.com/meme-maker-free,sitemap-seo-pages.xml,monthly,0.6,2026-06-03
https://ajnpdf.com/watermark-image-free,sitemap-seo-pages.xml,monthly,0.6,2026-06-03
https://ajnpdf.com/rotate-image-free,sitemap-seo-pages.xml,monthly,0.6,2026-06-03
https://ajnpdf.com/flip-image-free,sitemap-seo-pages.xml,monthly,0.6,2026-06-03
https://ajnpdf.com/psd-to-pdf-free,sitemap-seo-pages.xml,monthly,0.6,2026-06-03
https://ajnpdf.com/txt-to-pdf-free,sitemap-seo-pages.xml,monthly,0.6,2026-06-03
https://ajnpdf.com/xml-to-pdf-free,sitemap-seo-pages.xml,monthly,0.6,2026-06-03
https://ajnpdf.com/json-to-pdf-free,sitemap-seo-pages.xml,monthly,0.6,2026-06-03
https://ajnpdf.com/pdf-to-pdfa-free,sitemap-seo-pages.xml,monthly,0.6,2026-06-03
https://ajnpdf.com/add-text-to-pdf-free,sitemap-seo-pages.xml,monthly,0.6,2026-06-03
https://ajnpdf.com/add-image-to-pdf-free,sitemap-seo-pages.xml,monthly,0.6,2026-06-03
https://ajnpdf.com/html-to-image-free,sitemap-seo-pages.xml,monthly,0.6,2026-06-03
https://ajnpdf.com/zip-extractor-free,sitemap-seo-pages.xml,monthly,0.6,2026-06-03
https://ajnpdf.com/smart-read-pdf-free,sitemap-seo-pages.xml,monthly,0.6,2026-06-03
https://ajnpdf.com/pdf-to-png-free,sitemap-seo-pages.xml,monthly,0.6,2026-06-03
https://ajnpdf.com/heic-to-jpg-free,sitemap-seo-pages.xml,monthly,0.6,2026-06-03
https://ajnpdf.com/compress-image-free,sitemap-seo-pages.xml,monthly,0.6,2026-06-03
https://ajnpdf.com/jpg-to-png-free,sitemap-seo-pages.xml,monthly,0.6,2026-06-03
https://ajnpdf.com/png-to-jpg-free,sitemap-seo-pages.xml,monthly,0.6,2026-06-03
https://ajnpdf.com/webp-to-jpg-free,sitemap-seo-pages.xml,monthly,0.6,2026-06-03
https://ajnpdf.com/jpg-to-webp-free,sitemap-seo-pages.xml,monthly,0.6,2026-06-03
https://ajnpdf.com/grayscale-image-free,sitemap-seo-pages.xml,monthly,0.6,2026-06-03
https://ajnpdf.com/photo-editor-free,sitemap-seo-pages.xml,monthly,0.6,2026-06-03
https://ajnpdf.com/qr-code-generator-free,sitemap-seo-pages.xml,monthly,0.6,2026-06-03
https://ajnpdf.com/barcode-generator-free,sitemap-seo-pages.xml,monthly,0.6,2026-06-03
https://ajnpdf.com/collage-maker-free,sitemap-seo-pages.xml,monthly,0.6,2026-06-03
https://ajnpdf.com/passport-photo-maker-free,sitemap-seo-pages.xml,monthly,0.6,2026-06-03
https://ajnpdf.com/pdf-form-filler-free,sitemap-seo-pages.xml,monthly,0.6,2026-06-03
https://ajnpdf.com/annotate-pdf-free,sitemap-seo-pages.xml,monthly,0.6,2026-06-03
https://ajnpdf.com/redact-pdf-free,sitemap-seo-pages.xml,monthly,0.6,2026-06-03
https://ajnpdf.com/csv-to-pdf-free,sitemap-seo-pages.xml,monthly,0.6,2026-06-03
https://ajnpdf.com/rtf-to-pdf-free,sitemap-seo-pages.xml,monthly,0.6,2026-06-03
https://ajnpdf.com/epub-to-pdf-free,sitemap-seo-pages.xml,monthly,0.6,2026-06-03
https://ajnpdf.com/svg-to-pdf-free,sitemap-seo-pages.xml,monthly,0.6,2026-06-03
https://ajnpdf.com/tiff-to-pdf-free,sitemap-seo-pages.xml,monthly,0.6,2026-06-03
https://ajnpdf.com/bmp-to-pdf-free,sitemap-seo-pages.xml,monthly,0.6,2026-06-03
https://ajnpdf.com/webp-to-pdf-free,sitemap-seo-pages.xml,monthly,0.6,2026-06-03
https://ajnpdf.com/pdf-to-csv-free,sitemap-seo-pages.xml,monthly,0.6,2026-06-03
https://ajnpdf.com/pdf-to-txt-free,sitemap-seo-pages.xml,monthly,0.6,2026-06-03
https://ajnpdf.com/pdf-to-html-free,sitemap-seo-pages.xml,monthly,0.6,2026-06-03
https://ajnpdf.com/pdf-to-tiff-free,sitemap-seo-pages.xml,monthly,0.6,2026-06-03
https://ajnpdf.com/pdf-to-webp-free,sitemap-seo-pages.xml,monthly,0.6,2026-06-03
https://ajnpdf.com/pdf-to-gif-free,sitemap-seo-pages.xml,monthly,0.6,2026-06-03
https://ajnpdf.com/pdf-grayscale-free,sitemap-seo-pages.xml,monthly,0.6,2026-06-03
https://ajnpdf.com/pdf-linearize-free,sitemap-seo-pages.xml,monthly,0.6,2026-06-03
https://ajnpdf.com/html-to-image-converter,sitemap-seo-pages.xml,monthly,0.6,2026-06-03
https://ajnpdf.com/screenshot-to-pdf-free,sitemap-seo-pages.xml,monthly,0.6,2026-06-03
https://ajnpdf.com/page-splitting-pdf-free,sitemap-seo-pages.xml,monthly,0.6,2026-06-03
https://ajnpdf.com/pdf-to-zip-free,sitemap-seo-pages.xml,monthly,0.6,2026-06-03
https://ajnpdf.com/markdown-to-pdf-free,sitemap-seo-pages.xml,monthly,0.6,2026-06-03
https://ajnpdf.com/keynote-to-pdf-free,sitemap-seo-pages.xml,monthly,0.6,2026-06-03
https://ajnpdf.com/pages-to-pdf-free,sitemap-seo-pages.xml,monthly,0.6,2026-06-03
https://ajnpdf.com/numbers-to-pdf-free,sitemap-seo-pages.xml,monthly,0.6,2026-06-03
https://ajnpdf.com/odt-to-pdf-free,sitemap-seo-pages.xml,monthly,0.6,2026-06-03
https://ajnpdf.com/ocr-hindi-pdf-free,sitemap-seo-pages.xml,monthly,0.6,2026-06-03
https://ajnpdf.com/ocr-tamil-pdf-free,sitemap-seo-pages.xml,monthly,0.6,2026-06-03
https://ajnpdf.com/ocr-telugu-pdf-free,sitemap-seo-pages.xml,monthly,0.6,2026-06-03
https://ajnpdf.com/ocr-kannada-pdf-free,sitemap-seo-pages.xml,monthly,0.6,2026-06-03
https://ajnpdf.com/ocr-bengali-pdf-free,sitemap-seo-pages.xml,monthly,0.6,2026-06-03
https://ajnpdf.com/ocr-marathi-pdf-free,sitemap-seo-pages.xml,monthly,0.6,2026-06-03
https://ajnpdf.com/ocr-gujarati-pdf-free,sitemap-seo-pages.xml,monthly,0.6,2026-06-03
https://ajnpdf.com/how-to-merge-pdf,sitemap-seo-pages.xml,monthly,0.7,2026-06-03
https://ajnpdf.com/how-to-split-pdf,sitemap-seo-pages.xml,monthly,0.7,2026-06-03
https://ajnpdf.com/how-to-compress-pdf,sitemap-seo-pages.xml,monthly,0.7,2026-06-03
https://ajnpdf.com/how-to-convert-pdf-to-word,sitemap-seo-pages.xml,monthly,0.7,2026-06-03
https://ajnpdf.com/how-to-sign-pdf,sitemap-seo-pages.xml,monthly,0.7,2026-06-03
https://ajnpdf.com/how-to-remove-background-from-image,sitemap-seo-pages.xml,monthly,0.7,2026-06-03
https://ajnpdf.com/how-to-convert-jpg-to-pdf,sitemap-seo-pages.xml,monthly,0.7,2026-06-03
https://ajnpdf.com/how-to-convert-heic-to-pdf,sitemap-seo-pages.xml,monthly,0.7,2026-06-03
https://ajnpdf.com/how-to-protect-pdf,sitemap-seo-pages.xml,monthly,0.7,2026-06-03
https://ajnpdf.com/how-to-reduce-image-size,sitemap-seo-pages.xml,monthly,0.7,2026-06-03
https://ajnpdf.com/how-to-rotate-pdf,sitemap-seo-pages.xml,monthly,0.6,2026-06-03
https://ajnpdf.com/how-to-add-page-numbers-to-pdf,sitemap-seo-pages.xml,monthly,0.6,2026-06-03
https://ajnpdf.com/how-to-watermark-pdf,sitemap-seo-pages.xml,monthly,0.6,2026-06-03
https://ajnpdf.com/how-to-ocr-pdf,sitemap-seo-pages.xml,monthly,0.6,2026-06-03
https://ajnpdf.com/how-to-convert-excel-to-pdf,sitemap-seo-pages.xml,monthly,0.6,2026-06-03
https://ajnpdf.com/how-to-convert-ppt-to-pdf,sitemap-seo-pages.xml,monthly,0.6,2026-06-03
https://ajnpdf.com/how-to-crop-pdf,sitemap-seo-pages.xml,monthly,0.6,2026-06-03
https://ajnpdf.com/how-to-repair-pdf,sitemap-seo-pages.xml,monthly,0.6,2026-06-03
https://ajnpdf.com/how-to-flatten-pdf,sitemap-seo-pages.xml,monthly,0.6,2026-06-03
https://ajnpdf.com/how-to-extract-images-from-pdf,sitemap-seo-pages.xml,monthly,0.6,2026-06-03
https://ajnpdf.com/how-to-add-text-to-pdf,sitemap-seo-pages.xml,monthly,0.6,2026-06-03
https://ajnpdf.com/how-to-convert-pdf-to-jpg,sitemap-seo-pages.xml,monthly,0.6,2026-06-03
https://ajnpdf.com/how-to-convert-png-to-pdf,sitemap-seo-pages.xml,monthly,0.6,2026-06-03
https://ajnpdf.com/how-to-upscale-image,sitemap-seo-pages.xml,monthly,0.6,2026-06-03
https://ajnpdf.com/how-to-convert-image-format,sitemap-seo-pages.xml,monthly,0.6,2026-06-03
https://ajnpdf.com/how-to-compare-pdf-documents,sitemap-seo-pages.xml,monthly,0.6,2026-06-03
https://ajnpdf.com/how-to-organize-pdf-pages,sitemap-seo-pages.xml,monthly,0.6,2026-06-03
https://ajnpdf.com/how-to-add-watermark-to-pdf,sitemap-seo-pages.xml,monthly,0.6,2026-06-03
https://ajnpdf.com/how-to-convert-pdf-to-excel,sitemap-seo-pages.xml,monthly,0.6,2026-06-03
https://ajnpdf.com/how-to-convert-pdf-to-ppt,sitemap-seo-pages.xml,monthly,0.6,2026-06-03
https://ajnpdf.com/how-to-unlock-pdf,sitemap-seo-pages.xml,monthly,0.6,2026-06-03
https://ajnpdf.com/how-to-add-signature-to-pdf,sitemap-seo-pages.xml,monthly,0.6,2026-06-03
https://ajnpdf.com/how-to-convert-pdf-to-png,sitemap-seo-pages.xml,monthly,0.6,2026-06-03
https://ajnpdf.com/how-to-crop-image-online,sitemap-seo-pages.xml,monthly,0.6,2026-06-03
https://ajnpdf.com/how-to-make-pdf-smaller,sitemap-seo-pages.xml,monthly,0.6,2026-06-03
https://ajnpdf.com/how-to-delete-pages-from-pdf,sitemap-seo-pages.xml,monthly,0.6,2026-06-03
https://ajnpdf.com/how-to-reorder-pdf-pages,sitemap-seo-pages.xml,monthly,0.6,2026-06-03
https://ajnpdf.com/how-to-edit-pdf-metadata,sitemap-seo-pages.xml,monthly,0.6,2026-06-03
https://ajnpdf.com/how-to-blur-faces-in-photo,sitemap-seo-pages.xml,monthly,0.6,2026-06-03
https://ajnpdf.com/how-to-convert-heic-to-jpg,sitemap-seo-pages.xml,monthly,0.6,2026-06-03
https://ajnpdf.com/how-to-compress-image,sitemap-seo-pages.xml,monthly,0.6,2026-06-03
https://ajnpdf.com/how-to-convert-webp-to-jpg,sitemap-seo-pages.xml,monthly,0.6,2026-06-03
https://ajnpdf.com/how-to-make-image-searchable-pdf,sitemap-seo-pages.xml,monthly,0.6,2026-06-03
https://ajnpdf.com/how-to-extract-text-from-pdf,sitemap-seo-pages.xml,monthly,0.6,2026-06-03
https://ajnpdf.com/how-to-create-meme-online,sitemap-seo-pages.xml,monthly,0.6,2026-06-03
https://ajnpdf.com/pdf-tools-for-students,sitemap-seo-pages.xml,monthly,0.6,2026-06-03
https://ajnpdf.com/pdf-tools-for-business,sitemap-seo-pages.xml,monthly,0.6,2026-06-03
https://ajnpdf.com/pdf-tools-for-lawyers,sitemap-seo-pages.xml,monthly,0.6,2026-06-03
https://ajnpdf.com/pdf-tools-for-freelancers,sitemap-seo-pages.xml,monthly,0.6,2026-06-03
https://ajnpdf.com/pdf-tools-for-teachers,sitemap-seo-pages.xml,monthly,0.6,2026-06-03
https://ajnpdf.com/pdf-tools-india,sitemap-seo-pages.xml,monthly,0.6,2026-06-03
https://ajnpdf.com/free-pdf-tools-no-signup,sitemap-seo-pages.xml,monthly,0.6,2026-06-03
https://ajnpdf.com/free-pdf-tools-no-watermark,sitemap-seo-pages.xml,monthly,0.6,2026-06-03
https://ajnpdf.com/pdf-tools-no-upload,sitemap-seo-pages.xml,monthly,0.6,2026-06-03
https://ajnpdf.com/pdf-tools-browser-based,sitemap-seo-pages.xml,monthly,0.6,2026-06-03
https://ajnpdf.com/pdf-tools-offline,sitemap-seo-pages.xml,monthly,0.6,2026-06-03
https://ajnpdf.com/pdf-tools-online-free,sitemap-seo-pages.xml,monthly,0.6,2026-06-03
https://ajnpdf.com/image-tools-online-free,sitemap-seo-pages.xml,monthly,0.6,2026-06-03
https://ajnpdf.com/image-tools-no-upload,sitemap-seo-pages.xml,monthly,0.6,2026-06-03
https://ajnpdf.com/best-free-pdf-tools-2026,sitemap-seo-pages.xml,monthly,0.6,2026-06-03
https://ajnpdf.com/private-pdf-tools,sitemap-seo-pages.xml,monthly,0.6,2026-06-03
https://ajnpdf.com/secure-pdf-tools,sitemap-seo-pages.xml,monthly,0.6,2026-06-03
https://ajnpdf.com/gdpr-compliant-pdf-tools,sitemap-seo-pages.xml,monthly,0.6,2026-06-03
https://ajnpdf.com/ilovepdf-alternative,sitemap-seo-pages.xml,monthly,0.6,2026-06-03
https://ajnpdf.com/smallpdf-alternative,sitemap-seo-pages.xml,monthly,0.6,2026-06-03
https://ajnpdf.com/adobe-acrobat-alternative-free,sitemap-seo-pages.xml,monthly,0.6,2026-06-03
https://ajnpdf.com/pdf2go-alternative,sitemap-seo-pages.xml,monthly,0.6,2026-06-03
https://ajnpdf.com/sodapdf-alternative,sitemap-seo-pages.xml,monthly,0.6,2026-06-03
https://ajnpdf.com/pdfcandy-alternative,sitemap-seo-pages.xml,monthly,0.6,2026-06-03
https://ajnpdf.com/sejda-alternative,sitemap-seo-pages.xml,monthly,0.6,2026-06-03
https://ai.ajnpdf.com/,sitemap-ai-ajnpdf-500.xml,weekly,1.0,2026-06-03
https://ai.ajnpdf.com/tools,sitemap-ai-ajnpdf-500.xml,weekly,0.95,2026-06-03
https://ai.ajnpdf.com/ai-pdf-summarizer,sitemap-ai-ajnpdf-500.xml,weekly,0.95,2026-06-03
https://ai.ajnpdf.com/chat-with-pdf,sitemap-ai-ajnpdf-500.xml,weekly,0.95,2026-06-03
https://ai.ajnpdf.com/ai-pdf-translator,sitemap-ai-ajnpdf-500.xml,weekly,0.95,2026-06-03
https://ai.ajnpdf.com/ai-ocr,sitemap-ai-ajnpdf-500.xml,weekly,0.95,2026-06-03
https://ai.ajnpdf.com/ai-pdf-reader,sitemap-ai-ajnpdf-500.xml,weekly,0.95,2026-06-03
https://ai.ajnpdf.com/ai-pdf-analyzer,sitemap-ai-ajnpdf-500.xml,weekly,0.95,2026-06-03
https://ai.ajnpdf.com/ai-pdf-to-notes,sitemap-ai-ajnpdf-500.xml,monthly,0.65,2026-06-03
https://ai.ajnpdf.com/ai-resume-pdf-checker,sitemap-ai-ajnpdf-500.xml,monthly,0.65,2026-06-03
https://ai.ajnpdf.com/ai-invoice-reader,sitemap-ai-ajnpdf-500.xml,monthly,0.65,2026-06-03
https://ai.ajnpdf.com/pricing,sitemap-ai-ajnpdf-500.xml,monthly,0.6,2026-06-03
https://ai.ajnpdf.com/privacy,sitemap-ai-ajnpdf-500.xml,monthly,0.6,2026-06-03
https://ai.ajnpdf.com/faq,sitemap-ai-ajnpdf-500.xml,monthly,0.6,2026-06-03
https://ai.ajnpdf.com/tools/ai-summarize-pdf,sitemap-ai-ajnpdf-500.xml,monthly,0.75,2026-06-03
https://ai.ajnpdf.com/tools/ai-summarize-scanned-pdf,sitemap-ai-ajnpdf-500.xml,monthly,0.75,2026-06-03
https://ai.ajnpdf.com/tools/ai-summarize-invoice-pdf,sitemap-ai-ajnpdf-500.xml,monthly,0.75,2026-06-03
https://ai.ajnpdf.com/tools/ai-summarize-resume-pdf,sitemap-ai-ajnpdf-500.xml,monthly,0.75,2026-06-03
https://ai.ajnpdf.com/tools/ai-summarize-contract-pdf,sitemap-ai-ajnpdf-500.xml,monthly,0.75,2026-06-03
https://ai.ajnpdf.com/tools/ai-summarize-legal-pdf,sitemap-ai-ajnpdf-500.xml,monthly,0.75,2026-06-03
https://ai.ajnpdf.com/tools/ai-summarize-academic-pdf,sitemap-ai-ajnpdf-500.xml,monthly,0.75,2026-06-03
https://ai.ajnpdf.com/tools/ai-summarize-research-paper-pdf,sitemap-ai-ajnpdf-500.xml,monthly,0.75,2026-06-03
https://ai.ajnpdf.com/tools/ai-summarize-textbook-pdf,sitemap-ai-ajnpdf-500.xml,monthly,0.75,2026-06-03
https://ai.ajnpdf.com/tools/ai-summarize-ebook-pdf,sitemap-ai-ajnpdf-500.xml,monthly,0.75,2026-06-03
https://ai.ajnpdf.com/tools/ai-summarize-bank-statement-pdf,sitemap-ai-ajnpdf-500.xml,monthly,0.75,2026-06-03
https://ai.ajnpdf.com/tools/ai-summarize-tax-document-pdf,sitemap-ai-ajnpdf-500.xml,monthly,0.75,2026-06-03
https://ai.ajnpdf.com/tools/ai-summarize-government-form-pdf,sitemap-ai-ajnpdf-500.xml,monthly,0.75,2026-06-03
https://ai.ajnpdf.com/tools/ai-summarize-aadhaar-document,sitemap-ai-ajnpdf-500.xml,monthly,0.75,2026-06-03
https://ai.ajnpdf.com/tools/ai-summarize-marksheet-pdf,sitemap-ai-ajnpdf-500.xml,monthly,0.75,2026-06-03
https://ai.ajnpdf.com/tools/ai-summarize-certificate-pdf,sitemap-ai-ajnpdf-500.xml,monthly,0.75,2026-06-03
https://ai.ajnpdf.com/tools/ai-summarize-business-report-pdf,sitemap-ai-ajnpdf-500.xml,monthly,0.75,2026-06-03
https://ai.ajnpdf.com/tools/ai-summarize-medical-report-pdf,sitemap-ai-ajnpdf-500.xml,monthly,0.75,2026-06-03
https://ai.ajnpdf.com/tools/ai-summarize-insurance-document-pdf,sitemap-ai-ajnpdf-500.xml,monthly,0.75,2026-06-03
https://ai.ajnpdf.com/tools/ai-summarize-loan-document-pdf,sitemap-ai-ajnpdf-500.xml,monthly,0.75,2026-06-03
https://ai.ajnpdf.com/tools/ai-summarize-real-estate-document-pdf,sitemap-ai-ajnpdf-500.xml,monthly,0.75,2026-06-03
https://ai.ajnpdf.com/tools/ai-summarize-presentation-pdf,sitemap-ai-ajnpdf-500.xml,monthly,0.75,2026-06-03
https://ai.ajnpdf.com/tools/ai-summarize-excel-report-pdf,sitemap-ai-ajnpdf-500.xml,monthly,0.75,2026-06-03
https://ai.ajnpdf.com/tools/ai-summarize-image-pdf,sitemap-ai-ajnpdf-500.xml,monthly,0.75,2026-06-03
https://ai.ajnpdf.com/tools/ai-chat-with-pdf,sitemap-ai-ajnpdf-500.xml,monthly,0.75,2026-06-03
https://ai.ajnpdf.com/tools/ai-chat-with-scanned-pdf,sitemap-ai-ajnpdf-500.xml,monthly,0.75,2026-06-03
https://ai.ajnpdf.com/tools/ai-chat-with-invoice-pdf,sitemap-ai-ajnpdf-500.xml,monthly,0.75,2026-06-03
https://ai.ajnpdf.com/tools/ai-chat-with-resume-pdf,sitemap-ai-ajnpdf-500.xml,monthly,0.75,2026-06-03
https://ai.ajnpdf.com/tools/ai-chat-with-contract-pdf,sitemap-ai-ajnpdf-500.xml,monthly,0.75,2026-06-03
https://ai.ajnpdf.com/tools/ai-chat-with-legal-pdf,sitemap-ai-ajnpdf-500.xml,monthly,0.75,2026-06-03
https://ai.ajnpdf.com/tools/ai-chat-with-academic-pdf,sitemap-ai-ajnpdf-500.xml,monthly,0.75,2026-06-03
https://ai.ajnpdf.com/tools/ai-chat-with-research-paper-pdf,sitemap-ai-ajnpdf-500.xml,monthly,0.75,2026-06-03
https://ai.ajnpdf.com/tools/ai-chat-with-textbook-pdf,sitemap-ai-ajnpdf-500.xml,monthly,0.75,2026-06-03
https://ai.ajnpdf.com/tools/ai-chat-with-ebook-pdf,sitemap-ai-ajnpdf-500.xml,monthly,0.75,2026-06-03
https://ai.ajnpdf.com/tools/ai-chat-with-bank-statement-pdf,sitemap-ai-ajnpdf-500.xml,monthly,0.75,2026-06-03
https://ai.ajnpdf.com/tools/ai-chat-with-tax-document-pdf,sitemap-ai-ajnpdf-500.xml,monthly,0.75,2026-06-03
https://ai.ajnpdf.com/tools/ai-chat-with-government-form-pdf,sitemap-ai-ajnpdf-500.xml,monthly,0.75,2026-06-03
https://ai.ajnpdf.com/tools/ai-chat-with-aadhaar-document,sitemap-ai-ajnpdf-500.xml,monthly,0.75,2026-06-03
https://ai.ajnpdf.com/tools/ai-chat-with-marksheet-pdf,sitemap-ai-ajnpdf-500.xml,monthly,0.75,2026-06-03
https://ai.ajnpdf.com/tools/ai-chat-with-certificate-pdf,sitemap-ai-ajnpdf-500.xml,monthly,0.75,2026-06-03
https://ai.ajnpdf.com/tools/ai-chat-with-business-report-pdf,sitemap-ai-ajnpdf-500.xml,monthly,0.75,2026-06-03
https://ai.ajnpdf.com/tools/ai-chat-with-medical-report-pdf,sitemap-ai-ajnpdf-500.xml,monthly,0.75,2026-06-03
https://ai.ajnpdf.com/tools/ai-chat-with-insurance-document-pdf,sitemap-ai-ajnpdf-500.xml,monthly,0.75,2026-06-03
https://ai.ajnpdf.com/tools/ai-chat-with-loan-document-pdf,sitemap-ai-ajnpdf-500.xml,monthly,0.75,2026-06-03
https://ai.ajnpdf.com/tools/ai-chat-with-real-estate-document-pdf,sitemap-ai-ajnpdf-500.xml,monthly,0.75,2026-06-03
https://ai.ajnpdf.com/tools/ai-chat-with-presentation-pdf,sitemap-ai-ajnpdf-500.xml,monthly,0.75,2026-06-03
https://ai.ajnpdf.com/tools/ai-chat-with-excel-report-pdf,sitemap-ai-ajnpdf-500.xml,monthly,0.75,2026-06-03
https://ai.ajnpdf.com/tools/ai-chat-with-image-pdf,sitemap-ai-ajnpdf-500.xml,monthly,0.75,2026-06-03
https://ai.ajnpdf.com/tools/ai-translate-pdf,sitemap-ai-ajnpdf-500.xml,monthly,0.75,2026-06-03
https://ai.ajnpdf.com/tools/ai-translate-scanned-pdf,sitemap-ai-ajnpdf-500.xml,monthly,0.75,2026-06-03
https://ai.ajnpdf.com/tools/ai-translate-invoice-pdf,sitemap-ai-ajnpdf-500.xml,monthly,0.75,2026-06-03
https://ai.ajnpdf.com/tools/ai-translate-resume-pdf,sitemap-ai-ajnpdf-500.xml,monthly,0.75,2026-06-03
https://ai.ajnpdf.com/tools/ai-translate-contract-pdf,sitemap-ai-ajnpdf-500.xml,monthly,0.75,2026-06-03
https://ai.ajnpdf.com/tools/ai-translate-legal-pdf,sitemap-ai-ajnpdf-500.xml,monthly,0.75,2026-06-03
https://ai.ajnpdf.com/tools/ai-translate-academic-pdf,sitemap-ai-ajnpdf-500.xml,monthly,0.75,2026-06-03
https://ai.ajnpdf.com/tools/ai-translate-research-paper-pdf,sitemap-ai-ajnpdf-500.xml,monthly,0.75,2026-06-03
https://ai.ajnpdf.com/tools/ai-translate-textbook-pdf,sitemap-ai-ajnpdf-500.xml,monthly,0.75,2026-06-03
https://ai.ajnpdf.com/tools/ai-translate-ebook-pdf,sitemap-ai-ajnpdf-500.xml,monthly,0.75,2026-06-03
https://ai.ajnpdf.com/tools/ai-translate-bank-statement-pdf,sitemap-ai-ajnpdf-500.xml,monthly,0.75,2026-06-03
https://ai.ajnpdf.com/tools/ai-translate-tax-document-pdf,sitemap-ai-ajnpdf-500.xml,monthly,0.75,2026-06-03
https://ai.ajnpdf.com/tools/ai-translate-government-form-pdf,sitemap-ai-ajnpdf-500.xml,monthly,0.75,2026-06-03
https://ai.ajnpdf.com/tools/ai-translate-aadhaar-document,sitemap-ai-ajnpdf-500.xml,monthly,0.75,2026-06-03
https://ai.ajnpdf.com/tools/ai-translate-marksheet-pdf,sitemap-ai-ajnpdf-500.xml,monthly,0.75,2026-06-03
https://ai.ajnpdf.com/tools/ai-translate-certificate-pdf,sitemap-ai-ajnpdf-500.xml,monthly,0.75,2026-06-03
https://ai.ajnpdf.com/tools/ai-translate-business-report-pdf,sitemap-ai-ajnpdf-500.xml,monthly,0.75,2026-06-03
https://ai.ajnpdf.com/tools/ai-translate-medical-report-pdf,sitemap-ai-ajnpdf-500.xml,monthly,0.75,2026-06-03
https://ai.ajnpdf.com/tools/ai-translate-insurance-document-pdf,sitemap-ai-ajnpdf-500.xml,monthly,0.75,2026-06-03
https://ai.ajnpdf.com/tools/ai-translate-loan-document-pdf,sitemap-ai-ajnpdf-500.xml,monthly,0.75,2026-06-03
https://ai.ajnpdf.com/tools/ai-translate-real-estate-document-pdf,sitemap-ai-ajnpdf-500.xml,monthly,0.75,2026-06-03
https://ai.ajnpdf.com/tools/ai-translate-presentation-pdf,sitemap-ai-ajnpdf-500.xml,monthly,0.75,2026-06-03
https://ai.ajnpdf.com/tools/ai-translate-excel-report-pdf,sitemap-ai-ajnpdf-500.xml,monthly,0.75,2026-06-03
https://ai.ajnpdf.com/tools/ai-translate-image-pdf,sitemap-ai-ajnpdf-500.xml,monthly,0.75,2026-06-03
https://ai.ajnpdf.com/tools/ai-extract-text-from-pdf,sitemap-ai-ajnpdf-500.xml,monthly,0.75,2026-06-03
https://ai.ajnpdf.com/tools/ai-extract-text-from-scanned-pdf,sitemap-ai-ajnpdf-500.xml,monthly,0.75,2026-06-03
https://ai.ajnpdf.com/tools/ai-extract-text-from-invoice-pdf,sitemap-ai-ajnpdf-500.xml,monthly,0.75,2026-06-03
https://ai.ajnpdf.com/tools/ai-extract-text-from-resume-pdf,sitemap-ai-ajnpdf-500.xml,monthly,0.75,2026-06-03
https://ai.ajnpdf.com/tools/ai-extract-text-from-contract-pdf,sitemap-ai-ajnpdf-500.xml,monthly,0.75,2026-06-03
https://ai.ajnpdf.com/tools/ai-extract-text-from-legal-pdf,sitemap-ai-ajnpdf-500.xml,monthly,0.75,2026-06-03
https://ai.ajnpdf.com/tools/ai-extract-text-from-academic-pdf,sitemap-ai-ajnpdf-500.xml,monthly,0.75,2026-06-03
https://ai.ajnpdf.com/tools/ai-extract-text-from-research-paper-pdf,sitemap-ai-ajnpdf-500.xml,monthly,0.75,2026-06-03
https://ai.ajnpdf.com/tools/ai-extract-text-from-textbook-pdf,sitemap-ai-ajnpdf-500.xml,monthly,0.75,2026-06-03
https://ai.ajnpdf.com/tools/ai-extract-text-from-ebook-pdf,sitemap-ai-ajnpdf-500.xml,monthly,0.75,2026-06-03
https://ai.ajnpdf.com/tools/ai-extract-text-from-bank-statement-pdf,sitemap-ai-ajnpdf-500.xml,monthly,0.75,2026-06-03
https://ai.ajnpdf.com/tools/ai-extract-text-from-tax-document-pdf,sitemap-ai-ajnpdf-500.xml,monthly,0.75,2026-06-03
https://ai.ajnpdf.com/tools/ai-extract-text-from-government-form-pdf,sitemap-ai-ajnpdf-500.xml,monthly,0.75,2026-06-03
https://ai.ajnpdf.com/tools/ai-extract-text-from-aadhaar-document,sitemap-ai-ajnpdf-500.xml,monthly,0.75,2026-06-03
https://ai.ajnpdf.com/tools/ai-extract-text-from-marksheet-pdf,sitemap-ai-ajnpdf-500.xml,monthly,0.75,2026-06-03
https://ai.ajnpdf.com/tools/ai-extract-text-from-certificate-pdf,sitemap-ai-ajnpdf-500.xml,monthly,0.75,2026-06-03
https://ai.ajnpdf.com/tools/ai-extract-text-from-business-report-pdf,sitemap-ai-ajnpdf-500.xml,monthly,0.75,2026-06-03
https://ai.ajnpdf.com/tools/ai-extract-text-from-medical-report-pdf,sitemap-ai-ajnpdf-500.xml,monthly,0.75,2026-06-03
https://ai.ajnpdf.com/tools/ai-extract-text-from-insurance-document-pdf,sitemap-ai-ajnpdf-500.xml,monthly,0.75,2026-06-03
https://ai.ajnpdf.com/tools/ai-extract-text-from-loan-document-pdf,sitemap-ai-ajnpdf-500.xml,monthly,0.75,2026-06-03
https://ai.ajnpdf.com/tools/ai-extract-text-from-real-estate-document-pdf,sitemap-ai-ajnpdf-500.xml,monthly,0.75,2026-06-03
https://ai.ajnpdf.com/tools/ai-extract-text-from-presentation-pdf,sitemap-ai-ajnpdf-500.xml,monthly,0.75,2026-06-03
https://ai.ajnpdf.com/tools/ai-extract-text-from-excel-report-pdf,sitemap-ai-ajnpdf-500.xml,monthly,0.75,2026-06-03
https://ai.ajnpdf.com/tools/ai-extract-text-from-image-pdf,sitemap-ai-ajnpdf-500.xml,monthly,0.75,2026-06-03
https://ai.ajnpdf.com/tools/ai-explain-pdf,sitemap-ai-ajnpdf-500.xml,monthly,0.75,2026-06-03
https://ai.ajnpdf.com/tools/ai-explain-scanned-pdf,sitemap-ai-ajnpdf-500.xml,monthly,0.75,2026-06-03
https://ai.ajnpdf.com/tools/ai-explain-invoice-pdf,sitemap-ai-ajnpdf-500.xml,monthly,0.75,2026-06-03
https://ai.ajnpdf.com/tools/ai-explain-resume-pdf,sitemap-ai-ajnpdf-500.xml,monthly,0.75,2026-06-03
https://ai.ajnpdf.com/tools/ai-explain-contract-pdf,sitemap-ai-ajnpdf-500.xml,monthly,0.75,2026-06-03
https://ai.ajnpdf.com/tools/ai-explain-legal-pdf,sitemap-ai-ajnpdf-500.xml,monthly,0.75,2026-06-03
https://ai.ajnpdf.com/tools/ai-explain-academic-pdf,sitemap-ai-ajnpdf-500.xml,monthly,0.75,2026-06-03
https://ai.ajnpdf.com/tools/ai-explain-research-paper-pdf,sitemap-ai-ajnpdf-500.xml,monthly,0.75,2026-06-03
https://ai.ajnpdf.com/tools/ai-explain-textbook-pdf,sitemap-ai-ajnpdf-500.xml,monthly,0.75,2026-06-03
https://ai.ajnpdf.com/tools/ai-explain-ebook-pdf,sitemap-ai-ajnpdf-500.xml,monthly,0.75,2026-06-03
https://ai.ajnpdf.com/tools/ai-explain-bank-statement-pdf,sitemap-ai-ajnpdf-500.xml,monthly,0.75,2026-06-03
https://ai.ajnpdf.com/tools/ai-explain-tax-document-pdf,sitemap-ai-ajnpdf-500.xml,monthly,0.75,2026-06-03
https://ai.ajnpdf.com/tools/ai-explain-government-form-pdf,sitemap-ai-ajnpdf-500.xml,monthly,0.75,2026-06-03
https://ai.ajnpdf.com/tools/ai-explain-aadhaar-document,sitemap-ai-ajnpdf-500.xml,monthly,0.75,2026-06-03
https://ai.ajnpdf.com/tools/ai-explain-marksheet-pdf,sitemap-ai-ajnpdf-500.xml,monthly,0.75,2026-06-03
https://ai.ajnpdf.com/tools/ai-explain-certificate-pdf,sitemap-ai-ajnpdf-500.xml,monthly,0.75,2026-06-03
https://ai.ajnpdf.com/tools/ai-explain-business-report-pdf,sitemap-ai-ajnpdf-500.xml,monthly,0.75,2026-06-03
https://ai.ajnpdf.com/tools/ai-explain-medical-report-pdf,sitemap-ai-ajnpdf-500.xml,monthly,0.75,2026-06-03
https://ai.ajnpdf.com/tools/ai-explain-insurance-document-pdf,sitemap-ai-ajnpdf-500.xml,monthly,0.75,2026-06-03
https://ai.ajnpdf.com/tools/ai-explain-loan-document-pdf,sitemap-ai-ajnpdf-500.xml,monthly,0.75,2026-06-03
https://ai.ajnpdf.com/tools/ai-explain-real-estate-document-pdf,sitemap-ai-ajnpdf-500.xml,monthly,0.75,2026-06-03
https://ai.ajnpdf.com/tools/ai-explain-presentation-pdf,sitemap-ai-ajnpdf-500.xml,monthly,0.75,2026-06-03
https://ai.ajnpdf.com/tools/ai-explain-excel-report-pdf,sitemap-ai-ajnpdf-500.xml,monthly,0.75,2026-06-03
https://ai.ajnpdf.com/tools/ai-explain-image-pdf,sitemap-ai-ajnpdf-500.xml,monthly,0.75,2026-06-03
https://ai.ajnpdf.com/tools/ai-analyze-pdf,sitemap-ai-ajnpdf-500.xml,monthly,0.75,2026-06-03
https://ai.ajnpdf.com/tools/ai-analyze-scanned-pdf,sitemap-ai-ajnpdf-500.xml,monthly,0.75,2026-06-03
https://ai.ajnpdf.com/tools/ai-analyze-invoice-pdf,sitemap-ai-ajnpdf-500.xml,monthly,0.75,2026-06-03
https://ai.ajnpdf.com/tools/ai-analyze-resume-pdf,sitemap-ai-ajnpdf-500.xml,monthly,0.75,2026-06-03
https://ai.ajnpdf.com/tools/ai-analyze-contract-pdf,sitemap-ai-ajnpdf-500.xml,monthly,0.75,2026-06-03
https://ai.ajnpdf.com/tools/ai-analyze-legal-pdf,sitemap-ai-ajnpdf-500.xml,monthly,0.75,2026-06-03
https://ai.ajnpdf.com/tools/ai-analyze-academic-pdf,sitemap-ai-ajnpdf-500.xml,monthly,0.75,2026-06-03
https://ai.ajnpdf.com/tools/ai-analyze-research-paper-pdf,sitemap-ai-ajnpdf-500.xml,monthly,0.75,2026-06-03
https://ai.ajnpdf.com/tools/ai-analyze-textbook-pdf,sitemap-ai-ajnpdf-500.xml,monthly,0.75,2026-06-03
https://ai.ajnpdf.com/tools/ai-analyze-ebook-pdf,sitemap-ai-ajnpdf-500.xml,monthly,0.75,2026-06-03
https://ai.ajnpdf.com/tools/ai-analyze-bank-statement-pdf,sitemap-ai-ajnpdf-500.xml,monthly,0.75,2026-06-03
https://ai.ajnpdf.com/tools/ai-analyze-tax-document-pdf,sitemap-ai-ajnpdf-500.xml,monthly,0.75,2026-06-03
https://ai.ajnpdf.com/tools/ai-analyze-government-form-pdf,sitemap-ai-ajnpdf-500.xml,monthly,0.75,2026-06-03
https://ai.ajnpdf.com/tools/ai-analyze-aadhaar-document,sitemap-ai-ajnpdf-500.xml,monthly,0.75,2026-06-03
https://ai.ajnpdf.com/tools/ai-analyze-marksheet-pdf,sitemap-ai-ajnpdf-500.xml,monthly,0.75,2026-06-03
https://ai.ajnpdf.com/tools/ai-analyze-certificate-pdf,sitemap-ai-ajnpdf-500.xml,monthly,0.75,2026-06-03
https://ai.ajnpdf.com/tools/ai-analyze-business-report-pdf,sitemap-ai-ajnpdf-500.xml,monthly,0.75,2026-06-03
https://ai.ajnpdf.com/tools/ai-analyze-medical-report-pdf,sitemap-ai-ajnpdf-500.xml,monthly,0.75,2026-06-03
https://ai.ajnpdf.com/tools/ai-analyze-insurance-document-pdf,sitemap-ai-ajnpdf-500.xml,monthly,0.75,2026-06-03
https://ai.ajnpdf.com/tools/ai-analyze-loan-document-pdf,sitemap-ai-ajnpdf-500.xml,monthly,0.75,2026-06-03
https://ai.ajnpdf.com/tools/ai-analyze-real-estate-document-pdf,sitemap-ai-ajnpdf-500.xml,monthly,0.75,2026-06-03
https://ai.ajnpdf.com/tools/ai-analyze-presentation-pdf,sitemap-ai-ajnpdf-500.xml,monthly,0.75,2026-06-03
https://ai.ajnpdf.com/tools/ai-analyze-excel-report-pdf,sitemap-ai-ajnpdf-500.xml,monthly,0.75,2026-06-03
https://ai.ajnpdf.com/tools/ai-analyze-image-pdf,sitemap-ai-ajnpdf-500.xml,monthly,0.75,2026-06-03
https://ai.ajnpdf.com/tools/ai-compare-pdf,sitemap-ai-ajnpdf-500.xml,monthly,0.75,2026-06-03
https://ai.ajnpdf.com/tools/ai-compare-scanned-pdf,sitemap-ai-ajnpdf-500.xml,monthly,0.75,2026-06-03
https://ai.ajnpdf.com/tools/ai-compare-invoice-pdf,sitemap-ai-ajnpdf-500.xml,monthly,0.75,2026-06-03
https://ai.ajnpdf.com/tools/ai-compare-resume-pdf,sitemap-ai-ajnpdf-500.xml,monthly,0.75,2026-06-03
https://ai.ajnpdf.com/tools/ai-compare-contract-pdf,sitemap-ai-ajnpdf-500.xml,monthly,0.75,2026-06-03
https://ai.ajnpdf.com/tools/ai-compare-legal-pdf,sitemap-ai-ajnpdf-500.xml,monthly,0.75,2026-06-03
https://ai.ajnpdf.com/tools/ai-compare-academic-pdf,sitemap-ai-ajnpdf-500.xml,monthly,0.75,2026-06-03
https://ai.ajnpdf.com/tools/ai-compare-research-paper-pdf,sitemap-ai-ajnpdf-500.xml,monthly,0.75,2026-06-03
https://ai.ajnpdf.com/tools/ai-compare-textbook-pdf,sitemap-ai-ajnpdf-500.xml,monthly,0.75,2026-06-03
https://ai.ajnpdf.com/tools/ai-compare-ebook-pdf,sitemap-ai-ajnpdf-500.xml,monthly,0.75,2026-06-03
https://ai.ajnpdf.com/tools/ai-compare-bank-statement-pdf,sitemap-ai-ajnpdf-500.xml,monthly,0.75,2026-06-03
https://ai.ajnpdf.com/tools/ai-compare-tax-document-pdf,sitemap-ai-ajnpdf-500.xml,monthly,0.75,2026-06-03
https://ai.ajnpdf.com/tools/ai-compare-government-form-pdf,sitemap-ai-ajnpdf-500.xml,monthly,0.75,2026-06-03
https://ai.ajnpdf.com/tools/ai-compare-aadhaar-document,sitemap-ai-ajnpdf-500.xml,monthly,0.75,2026-06-03
https://ai.ajnpdf.com/tools/ai-compare-marksheet-pdf,sitemap-ai-ajnpdf-500.xml,monthly,0.75,2026-06-03
https://ai.ajnpdf.com/tools/ai-compare-certificate-pdf,sitemap-ai-ajnpdf-500.xml,monthly,0.75,2026-06-03
https://ai.ajnpdf.com/tools/ai-compare-business-report-pdf,sitemap-ai-ajnpdf-500.xml,monthly,0.75,2026-06-03
https://ai.ajnpdf.com/tools/ai-compare-medical-report-pdf,sitemap-ai-ajnpdf-500.xml,monthly,0.75,2026-06-03
https://ai.ajnpdf.com/tools/ai-compare-insurance-document-pdf,sitemap-ai-ajnpdf-500.xml,monthly,0.75,2026-06-03
https://ai.ajnpdf.com/tools/ai-compare-loan-document-pdf,sitemap-ai-ajnpdf-500.xml,monthly,0.75,2026-06-03
https://ai.ajnpdf.com/tools/ai-compare-real-estate-document-pdf,sitemap-ai-ajnpdf-500.xml,monthly,0.75,2026-06-03
https://ai.ajnpdf.com/tools/ai-compare-presentation-pdf,sitemap-ai-ajnpdf-500.xml,monthly,0.75,2026-06-03
https://ai.ajnpdf.com/tools/ai-compare-excel-report-pdf,sitemap-ai-ajnpdf-500.xml,monthly,0.75,2026-06-03
https://ai.ajnpdf.com/tools/ai-compare-image-pdf,sitemap-ai-ajnpdf-500.xml,monthly,0.75,2026-06-03
https://ai.ajnpdf.com/tools/ai-redact-pdf,sitemap-ai-ajnpdf-500.xml,monthly,0.75,2026-06-03
https://ai.ajnpdf.com/tools/ai-redact-scanned-pdf,sitemap-ai-ajnpdf-500.xml,monthly,0.75,2026-06-03
https://ai.ajnpdf.com/tools/ai-redact-invoice-pdf,sitemap-ai-ajnpdf-500.xml,monthly,0.75,2026-06-03
https://ai.ajnpdf.com/tools/ai-redact-resume-pdf,sitemap-ai-ajnpdf-500.xml,monthly,0.75,2026-06-03
https://ai.ajnpdf.com/tools/ai-redact-contract-pdf,sitemap-ai-ajnpdf-500.xml,monthly,0.75,2026-06-03
https://ai.ajnpdf.com/tools/ai-redact-legal-pdf,sitemap-ai-ajnpdf-500.xml,monthly,0.75,2026-06-03
https://ai.ajnpdf.com/tools/ai-redact-academic-pdf,sitemap-ai-ajnpdf-500.xml,monthly,0.75,2026-06-03
https://ai.ajnpdf.com/tools/ai-redact-research-paper-pdf,sitemap-ai-ajnpdf-500.xml,monthly,0.75,2026-06-03
https://ai.ajnpdf.com/tools/ai-redact-textbook-pdf,sitemap-ai-ajnpdf-500.xml,monthly,0.75,2026-06-03
https://ai.ajnpdf.com/tools/ai-redact-ebook-pdf,sitemap-ai-ajnpdf-500.xml,monthly,0.75,2026-06-03
https://ai.ajnpdf.com/tools/ai-redact-bank-statement-pdf,sitemap-ai-ajnpdf-500.xml,monthly,0.75,2026-06-03
https://ai.ajnpdf.com/tools/ai-redact-tax-document-pdf,sitemap-ai-ajnpdf-500.xml,monthly,0.75,2026-06-03
https://ai.ajnpdf.com/tools/ai-redact-government-form-pdf,sitemap-ai-ajnpdf-500.xml,monthly,0.75,2026-06-03
https://ai.ajnpdf.com/tools/ai-redact-aadhaar-document,sitemap-ai-ajnpdf-500.xml,monthly,0.75,2026-06-03
https://ai.ajnpdf.com/tools/ai-redact-marksheet-pdf,sitemap-ai-ajnpdf-500.xml,monthly,0.75,2026-06-03
https://ai.ajnpdf.com/tools/ai-redact-certificate-pdf,sitemap-ai-ajnpdf-500.xml,monthly,0.75,2026-06-03
https://ai.ajnpdf.com/tools/ai-redact-business-report-pdf,sitemap-ai-ajnpdf-500.xml,monthly,0.75,2026-06-03
https://ai.ajnpdf.com/tools/ai-redact-medical-report-pdf,sitemap-ai-ajnpdf-500.xml,monthly,0.75,2026-06-03
https://ai.ajnpdf.com/tools/ai-redact-insurance-document-pdf,sitemap-ai-ajnpdf-500.xml,monthly,0.75,2026-06-03
https://ai.ajnpdf.com/tools/ai-redact-loan-document-pdf,sitemap-ai-ajnpdf-500.xml,monthly,0.75,2026-06-03
https://ai.ajnpdf.com/tools/ai-redact-real-estate-document-pdf,sitemap-ai-ajnpdf-500.xml,monthly,0.75,2026-06-03
https://ai.ajnpdf.com/tools/ai-redact-presentation-pdf,sitemap-ai-ajnpdf-500.xml,monthly,0.75,2026-06-03
https://ai.ajnpdf.com/tools/ai-redact-excel-report-pdf,sitemap-ai-ajnpdf-500.xml,monthly,0.75,2026-06-03
https://ai.ajnpdf.com/tools/ai-redact-image-pdf,sitemap-ai-ajnpdf-500.xml,monthly,0.75,2026-06-03
https://ai.ajnpdf.com/tools/ai-protect-pdf,sitemap-ai-ajnpdf-500.xml,monthly,0.75,2026-06-03
https://ai.ajnpdf.com/tools/ai-protect-scanned-pdf,sitemap-ai-ajnpdf-500.xml,monthly,0.75,2026-06-03
https://ai.ajnpdf.com/tools/ai-protect-invoice-pdf,sitemap-ai-ajnpdf-500.xml,monthly,0.75,2026-06-03
https://ai.ajnpdf.com/tools/ai-protect-resume-pdf,sitemap-ai-ajnpdf-500.xml,monthly,0.75,2026-06-03
https://ai.ajnpdf.com/tools/ai-protect-contract-pdf,sitemap-ai-ajnpdf-500.xml,monthly,0.75,2026-06-03
https://ai.ajnpdf.com/tools/ai-protect-legal-pdf,sitemap-ai-ajnpdf-500.xml,monthly,0.75,2026-06-03
https://ai.ajnpdf.com/tools/ai-protect-academic-pdf,sitemap-ai-ajnpdf-500.xml,monthly,0.75,2026-06-03
https://ai.ajnpdf.com/tools/ai-protect-research-paper-pdf,sitemap-ai-ajnpdf-500.xml,monthly,0.75,2026-06-03
https://ai.ajnpdf.com/tools/ai-protect-textbook-pdf,sitemap-ai-ajnpdf-500.xml,monthly,0.75,2026-06-03
https://ai.ajnpdf.com/tools/ai-protect-ebook-pdf,sitemap-ai-ajnpdf-500.xml,monthly,0.75,2026-06-03
https://ai.ajnpdf.com/tools/ai-protect-bank-statement-pdf,sitemap-ai-ajnpdf-500.xml,monthly,0.75,2026-06-03
https://ai.ajnpdf.com/tools/ai-protect-tax-document-pdf,sitemap-ai-ajnpdf-500.xml,monthly,0.75,2026-06-03
https://ai.ajnpdf.com/tools/ai-protect-government-form-pdf,sitemap-ai-ajnpdf-500.xml,monthly,0.75,2026-06-03
https://ai.ajnpdf.com/tools/ai-protect-aadhaar-document,sitemap-ai-ajnpdf-500.xml,monthly,0.75,2026-06-03
https://ai.ajnpdf.com/tools/ai-protect-marksheet-pdf,sitemap-ai-ajnpdf-500.xml,monthly,0.75,2026-06-03
https://ai.ajnpdf.com/tools/ai-protect-certificate-pdf,sitemap-ai-ajnpdf-500.xml,monthly,0.75,2026-06-03
https://ai.ajnpdf.com/tools/ai-protect-business-report-pdf,sitemap-ai-ajnpdf-500.xml,monthly,0.75,2026-06-03
https://ai.ajnpdf.com/tools/ai-protect-medical-report-pdf,sitemap-ai-ajnpdf-500.xml,monthly,0.75,2026-06-03
https://ai.ajnpdf.com/tools/ai-protect-insurance-document-pdf,sitemap-ai-ajnpdf-500.xml,monthly,0.75,2026-06-03
https://ai.ajnpdf.com/tools/ai-protect-loan-document-pdf,sitemap-ai-ajnpdf-500.xml,monthly,0.75,2026-06-03
https://ai.ajnpdf.com/tools/ai-protect-real-estate-document-pdf,sitemap-ai-ajnpdf-500.xml,monthly,0.75,2026-06-03
https://ai.ajnpdf.com/tools/ai-protect-presentation-pdf,sitemap-ai-ajnpdf-500.xml,monthly,0.75,2026-06-03
https://ai.ajnpdf.com/tools/ai-protect-excel-report-pdf,sitemap-ai-ajnpdf-500.xml,monthly,0.75,2026-06-03
https://ai.ajnpdf.com/tools/ai-protect-image-pdf,sitemap-ai-ajnpdf-500.xml,monthly,0.75,2026-06-03
https://ai.ajnpdf.com/tools/ai-unlock-pdf,sitemap-ai-ajnpdf-500.xml,monthly,0.75,2026-06-03
https://ai.ajnpdf.com/tools/ai-unlock-scanned-pdf,sitemap-ai-ajnpdf-500.xml,monthly,0.75,2026-06-03
https://ai.ajnpdf.com/tools/ai-unlock-invoice-pdf,sitemap-ai-ajnpdf-500.xml,monthly,0.75,2026-06-03
https://ai.ajnpdf.com/tools/ai-unlock-resume-pdf,sitemap-ai-ajnpdf-500.xml,monthly,0.75,2026-06-03
https://ai.ajnpdf.com/tools/ai-unlock-contract-pdf,sitemap-ai-ajnpdf-500.xml,monthly,0.75,2026-06-03
https://ai.ajnpdf.com/tools/ai-unlock-legal-pdf,sitemap-ai-ajnpdf-500.xml,monthly,0.75,2026-06-03
https://ai.ajnpdf.com/tools/ai-unlock-academic-pdf,sitemap-ai-ajnpdf-500.xml,monthly,0.75,2026-06-03
https://ai.ajnpdf.com/tools/ai-unlock-research-paper-pdf,sitemap-ai-ajnpdf-500.xml,monthly,0.75,2026-06-03
https://ai.ajnpdf.com/tools/ai-unlock-textbook-pdf,sitemap-ai-ajnpdf-500.xml,monthly,0.75,2026-06-03
https://ai.ajnpdf.com/tools/ai-unlock-ebook-pdf,sitemap-ai-ajnpdf-500.xml,monthly,0.75,2026-06-03
https://ai.ajnpdf.com/tools/ai-unlock-bank-statement-pdf,sitemap-ai-ajnpdf-500.xml,monthly,0.75,2026-06-03
https://ai.ajnpdf.com/tools/ai-unlock-tax-document-pdf,sitemap-ai-ajnpdf-500.xml,monthly,0.75,2026-06-03
https://ai.ajnpdf.com/tools/ai-unlock-government-form-pdf,sitemap-ai-ajnpdf-500.xml,monthly,0.75,2026-06-03
https://ai.ajnpdf.com/tools/ai-unlock-aadhaar-document,sitemap-ai-ajnpdf-500.xml,monthly,0.75,2026-06-03
https://ai.ajnpdf.com/tools/ai-unlock-marksheet-pdf,sitemap-ai-ajnpdf-500.xml,monthly,0.75,2026-06-03
https://ai.ajnpdf.com/tools/ai-unlock-certificate-pdf,sitemap-ai-ajnpdf-500.xml,monthly,0.75,2026-06-03
https://ai.ajnpdf.com/tools/ai-unlock-business-report-pdf,sitemap-ai-ajnpdf-500.xml,monthly,0.75,2026-06-03
https://ai.ajnpdf.com/tools/ai-unlock-medical-report-pdf,sitemap-ai-ajnpdf-500.xml,monthly,0.75,2026-06-03
https://ai.ajnpdf.com/tools/ai-unlock-insurance-document-pdf,sitemap-ai-ajnpdf-500.xml,monthly,0.75,2026-06-03
https://ai.ajnpdf.com/tools/ai-unlock-loan-document-pdf,sitemap-ai-ajnpdf-500.xml,monthly,0.75,2026-06-03
https://ai.ajnpdf.com/tools/ai-unlock-real-estate-document-pdf,sitemap-ai-ajnpdf-500.xml,monthly,0.75,2026-06-03
https://ai.ajnpdf.com/tools/ai-unlock-presentation-pdf,sitemap-ai-ajnpdf-500.xml,monthly,0.75,2026-06-03
https://ai.ajnpdf.com/tools/ai-unlock-excel-report-pdf,sitemap-ai-ajnpdf-500.xml,monthly,0.75,2026-06-03
https://ai.ajnpdf.com/tools/ai-unlock-image-pdf,sitemap-ai-ajnpdf-500.xml,monthly,0.75,2026-06-03
https://ai.ajnpdf.com/tools/ai-sign-pdf,sitemap-ai-ajnpdf-500.xml,monthly,0.75,2026-06-03
https://ai.ajnpdf.com/tools/ai-sign-scanned-pdf,sitemap-ai-ajnpdf-500.xml,monthly,0.75,2026-06-03
https://ai.ajnpdf.com/tools/ai-sign-invoice-pdf,sitemap-ai-ajnpdf-500.xml,monthly,0.75,2026-06-03
https://ai.ajnpdf.com/tools/ai-sign-resume-pdf,sitemap-ai-ajnpdf-500.xml,monthly,0.75,2026-06-03
https://ai.ajnpdf.com/tools/ai-sign-contract-pdf,sitemap-ai-ajnpdf-500.xml,monthly,0.75,2026-06-03
https://ai.ajnpdf.com/tools/ai-sign-legal-pdf,sitemap-ai-ajnpdf-500.xml,monthly,0.75,2026-06-03
https://ai.ajnpdf.com/tools/ai-sign-academic-pdf,sitemap-ai-ajnpdf-500.xml,monthly,0.75,2026-06-03
https://ai.ajnpdf.com/tools/ai-sign-research-paper-pdf,sitemap-ai-ajnpdf-500.xml,monthly,0.75,2026-06-03
https://ai.ajnpdf.com/tools/ai-sign-textbook-pdf,sitemap-ai-ajnpdf-500.xml,monthly,0.75,2026-06-03
https://ai.ajnpdf.com/tools/ai-sign-ebook-pdf,sitemap-ai-ajnpdf-500.xml,monthly,0.75,2026-06-03
https://ai.ajnpdf.com/tools/ai-sign-bank-statement-pdf,sitemap-ai-ajnpdf-500.xml,monthly,0.75,2026-06-03
https://ai.ajnpdf.com/tools/ai-sign-tax-document-pdf,sitemap-ai-ajnpdf-500.xml,monthly,0.75,2026-06-03
https://ai.ajnpdf.com/tools/ai-sign-government-form-pdf,sitemap-ai-ajnpdf-500.xml,monthly,0.75,2026-06-03
https://ai.ajnpdf.com/tools/ai-sign-aadhaar-document,sitemap-ai-ajnpdf-500.xml,monthly,0.75,2026-06-03
https://ai.ajnpdf.com/tools/ai-sign-marksheet-pdf,sitemap-ai-ajnpdf-500.xml,monthly,0.75,2026-06-03
https://ai.ajnpdf.com/tools/ai-sign-certificate-pdf,sitemap-ai-ajnpdf-500.xml,monthly,0.75,2026-06-03
https://ai.ajnpdf.com/tools/ai-sign-business-report-pdf,sitemap-ai-ajnpdf-500.xml,monthly,0.75,2026-06-03
https://ai.ajnpdf.com/tools/ai-sign-medical-report-pdf,sitemap-ai-ajnpdf-500.xml,monthly,0.75,2026-06-03
https://ai.ajnpdf.com/tools/ai-sign-insurance-document-pdf,sitemap-ai-ajnpdf-500.xml,monthly,0.75,2026-06-03
https://ai.ajnpdf.com/tools/ai-sign-loan-document-pdf,sitemap-ai-ajnpdf-500.xml,monthly,0.75,2026-06-03
https://ai.ajnpdf.com/tools/ai-sign-real-estate-document-pdf,sitemap-ai-ajnpdf-500.xml,monthly,0.75,2026-06-03
https://ai.ajnpdf.com/tools/ai-sign-presentation-pdf,sitemap-ai-ajnpdf-500.xml,monthly,0.75,2026-06-03
https://ai.ajnpdf.com/tools/ai-sign-excel-report-pdf,sitemap-ai-ajnpdf-500.xml,monthly,0.75,2026-06-03
https://ai.ajnpdf.com/tools/ai-sign-image-pdf,sitemap-ai-ajnpdf-500.xml,monthly,0.75,2026-06-03
https://ai.ajnpdf.com/tools/ai-annotate-pdf,sitemap-ai-ajnpdf-500.xml,monthly,0.75,2026-06-03
https://ai.ajnpdf.com/tools/ai-annotate-scanned-pdf,sitemap-ai-ajnpdf-500.xml,monthly,0.75,2026-06-03
https://ai.ajnpdf.com/tools/ai-annotate-invoice-pdf,sitemap-ai-ajnpdf-500.xml,monthly,0.75,2026-06-03
https://ai.ajnpdf.com/tools/ai-annotate-resume-pdf,sitemap-ai-ajnpdf-500.xml,monthly,0.75,2026-06-03
https://ai.ajnpdf.com/tools/ai-annotate-contract-pdf,sitemap-ai-ajnpdf-500.xml,monthly,0.75,2026-06-03
https://ai.ajnpdf.com/tools/ai-annotate-legal-pdf,sitemap-ai-ajnpdf-500.xml,monthly,0.75,2026-06-03
https://ai.ajnpdf.com/tools/ai-annotate-academic-pdf,sitemap-ai-ajnpdf-500.xml,monthly,0.75,2026-06-03
https://ai.ajnpdf.com/tools/ai-annotate-research-paper-pdf,sitemap-ai-ajnpdf-500.xml,monthly,0.75,2026-06-03
https://ai.ajnpdf.com/tools/ai-annotate-textbook-pdf,sitemap-ai-ajnpdf-500.xml,monthly,0.75,2026-06-03
https://ai.ajnpdf.com/tools/ai-annotate-ebook-pdf,sitemap-ai-ajnpdf-500.xml,monthly,0.75,2026-06-03
https://ai.ajnpdf.com/tools/ai-annotate-bank-statement-pdf,sitemap-ai-ajnpdf-500.xml,monthly,0.75,2026-06-03
https://ai.ajnpdf.com/tools/ai-annotate-tax-document-pdf,sitemap-ai-ajnpdf-500.xml,monthly,0.75,2026-06-03
https://ai.ajnpdf.com/tools/ai-annotate-government-form-pdf,sitemap-ai-ajnpdf-500.xml,monthly,0.75,2026-06-03
https://ai.ajnpdf.com/tools/ai-annotate-aadhaar-document,sitemap-ai-ajnpdf-500.xml,monthly,0.75,2026-06-03
https://ai.ajnpdf.com/tools/ai-annotate-marksheet-pdf,sitemap-ai-ajnpdf-500.xml,monthly,0.75,2026-06-03
https://ai.ajnpdf.com/tools/ai-annotate-certificate-pdf,sitemap-ai-ajnpdf-500.xml,monthly,0.75,2026-06-03
https://ai.ajnpdf.com/tools/ai-annotate-business-report-pdf,sitemap-ai-ajnpdf-500.xml,monthly,0.75,2026-06-03
https://ai.ajnpdf.com/tools/ai-annotate-medical-report-pdf,sitemap-ai-ajnpdf-500.xml,monthly,0.75,2026-06-03
https://ai.ajnpdf.com/tools/ai-annotate-insurance-document-pdf,sitemap-ai-ajnpdf-500.xml,monthly,0.75,2026-06-03
https://ai.ajnpdf.com/tools/ai-annotate-loan-document-pdf,sitemap-ai-ajnpdf-500.xml,monthly,0.75,2026-06-03
https://ai.ajnpdf.com/tools/ai-annotate-real-estate-document-pdf,sitemap-ai-ajnpdf-500.xml,monthly,0.75,2026-06-03
https://ai.ajnpdf.com/tools/ai-annotate-presentation-pdf,sitemap-ai-ajnpdf-500.xml,monthly,0.75,2026-06-03
https://ai.ajnpdf.com/tools/ai-annotate-excel-report-pdf,sitemap-ai-ajnpdf-500.xml,monthly,0.75,2026-06-03
https://ai.ajnpdf.com/tools/ai-annotate-image-pdf,sitemap-ai-ajnpdf-500.xml,monthly,0.75,2026-06-03
https://ai.ajnpdf.com/tools/ai-highlight-pdf,sitemap-ai-ajnpdf-500.xml,monthly,0.75,2026-06-03
https://ai.ajnpdf.com/tools/ai-highlight-scanned-pdf,sitemap-ai-ajnpdf-500.xml,monthly,0.75,2026-06-03
https://ai.ajnpdf.com/tools/ai-highlight-invoice-pdf,sitemap-ai-ajnpdf-500.xml,monthly,0.75,2026-06-03
https://ai.ajnpdf.com/tools/ai-highlight-resume-pdf,sitemap-ai-ajnpdf-500.xml,monthly,0.75,2026-06-03
https://ai.ajnpdf.com/tools/ai-highlight-contract-pdf,sitemap-ai-ajnpdf-500.xml,monthly,0.75,2026-06-03
https://ai.ajnpdf.com/tools/ai-highlight-legal-pdf,sitemap-ai-ajnpdf-500.xml,monthly,0.75,2026-06-03
https://ai.ajnpdf.com/tools/ai-highlight-academic-pdf,sitemap-ai-ajnpdf-500.xml,monthly,0.75,2026-06-03
https://ai.ajnpdf.com/tools/ai-highlight-research-paper-pdf,sitemap-ai-ajnpdf-500.xml,monthly,0.75,2026-06-03
https://ai.ajnpdf.com/tools/ai-highlight-textbook-pdf,sitemap-ai-ajnpdf-500.xml,monthly,0.75,2026-06-03
https://ai.ajnpdf.com/tools/ai-highlight-ebook-pdf,sitemap-ai-ajnpdf-500.xml,monthly,0.75,2026-06-03
https://ai.ajnpdf.com/tools/ai-highlight-bank-statement-pdf,sitemap-ai-ajnpdf-500.xml,monthly,0.75,2026-06-03
https://ai.ajnpdf.com/tools/ai-highlight-tax-document-pdf,sitemap-ai-ajnpdf-500.xml,monthly,0.75,2026-06-03
https://ai.ajnpdf.com/tools/ai-highlight-government-form-pdf,sitemap-ai-ajnpdf-500.xml,monthly,0.75,2026-06-03
https://ai.ajnpdf.com/tools/ai-highlight-aadhaar-document,sitemap-ai-ajnpdf-500.xml,monthly,0.75,2026-06-03
https://ai.ajnpdf.com/tools/ai-highlight-marksheet-pdf,sitemap-ai-ajnpdf-500.xml,monthly,0.75,2026-06-03
https://ai.ajnpdf.com/tools/ai-highlight-certificate-pdf,sitemap-ai-ajnpdf-500.xml,monthly,0.75,2026-06-03
https://ai.ajnpdf.com/tools/ai-highlight-business-report-pdf,sitemap-ai-ajnpdf-500.xml,monthly,0.75,2026-06-03
https://ai.ajnpdf.com/tools/ai-highlight-medical-report-pdf,sitemap-ai-ajnpdf-500.xml,monthly,0.75,2026-06-03
https://ai.ajnpdf.com/tools/ai-highlight-insurance-document-pdf,sitemap-ai-ajnpdf-500.xml,monthly,0.75,2026-06-03
https://ai.ajnpdf.com/tools/ai-highlight-loan-document-pdf,sitemap-ai-ajnpdf-500.xml,monthly,0.75,2026-06-03
https://ai.ajnpdf.com/tools/ai-highlight-real-estate-document-pdf,sitemap-ai-ajnpdf-500.xml,monthly,0.75,2026-06-03
https://ai.ajnpdf.com/tools/ai-highlight-presentation-pdf,sitemap-ai-ajnpdf-500.xml,monthly,0.75,2026-06-03
https://ai.ajnpdf.com/tools/ai-highlight-excel-report-pdf,sitemap-ai-ajnpdf-500.xml,monthly,0.75,2026-06-03
https://ai.ajnpdf.com/tools/ai-highlight-image-pdf,sitemap-ai-ajnpdf-500.xml,monthly,0.75,2026-06-03
https://ai.ajnpdf.com/tools/ai-organize-pdf,sitemap-ai-ajnpdf-500.xml,monthly,0.75,2026-06-03
https://ai.ajnpdf.com/tools/ai-organize-scanned-pdf,sitemap-ai-ajnpdf-500.xml,monthly,0.75,2026-06-03
https://ai.ajnpdf.com/tools/ai-organize-invoice-pdf,sitemap-ai-ajnpdf-500.xml,monthly,0.75,2026-06-03
https://ai.ajnpdf.com/tools/ai-organize-resume-pdf,sitemap-ai-ajnpdf-500.xml,monthly,0.75,2026-06-03
https://ai.ajnpdf.com/tools/ai-organize-contract-pdf,sitemap-ai-ajnpdf-500.xml,monthly,0.75,2026-06-03
https://ai.ajnpdf.com/tools/ai-organize-legal-pdf,sitemap-ai-ajnpdf-500.xml,monthly,0.75,2026-06-03
https://ai.ajnpdf.com/tools/ai-organize-academic-pdf,sitemap-ai-ajnpdf-500.xml,monthly,0.75,2026-06-03
https://ai.ajnpdf.com/tools/ai-organize-research-paper-pdf,sitemap-ai-ajnpdf-500.xml,monthly,0.75,2026-06-03
https://ai.ajnpdf.com/tools/ai-organize-textbook-pdf,sitemap-ai-ajnpdf-500.xml,monthly,0.75,2026-06-03
https://ai.ajnpdf.com/tools/ai-organize-ebook-pdf,sitemap-ai-ajnpdf-500.xml,monthly,0.75,2026-06-03
https://ai.ajnpdf.com/tools/ai-organize-bank-statement-pdf,sitemap-ai-ajnpdf-500.xml,monthly,0.75,2026-06-03
https://ai.ajnpdf.com/tools/ai-organize-tax-document-pdf,sitemap-ai-ajnpdf-500.xml,monthly,0.75,2026-06-03
https://ai.ajnpdf.com/tools/ai-organize-government-form-pdf,sitemap-ai-ajnpdf-500.xml,monthly,0.75,2026-06-03
https://ai.ajnpdf.com/tools/ai-organize-aadhaar-document,sitemap-ai-ajnpdf-500.xml,monthly,0.75,2026-06-03
https://ai.ajnpdf.com/tools/ai-organize-marksheet-pdf,sitemap-ai-ajnpdf-500.xml,monthly,0.75,2026-06-03
https://ai.ajnpdf.com/tools/ai-organize-certificate-pdf,sitemap-ai-ajnpdf-500.xml,monthly,0.75,2026-06-03
https://ai.ajnpdf.com/tools/ai-organize-business-report-pdf,sitemap-ai-ajnpdf-500.xml,monthly,0.75,2026-06-03
https://ai.ajnpdf.com/tools/ai-organize-medical-report-pdf,sitemap-ai-ajnpdf-500.xml,monthly,0.75,2026-06-03
https://ai.ajnpdf.com/tools/ai-organize-insurance-document-pdf,sitemap-ai-ajnpdf-500.xml,monthly,0.75,2026-06-03
https://ai.ajnpdf.com/tools/ai-organize-loan-document-pdf,sitemap-ai-ajnpdf-500.xml,monthly,0.75,2026-06-03
https://ai.ajnpdf.com/tools/ai-organize-real-estate-document-pdf,sitemap-ai-ajnpdf-500.xml,monthly,0.75,2026-06-03
https://ai.ajnpdf.com/tools/ai-organize-presentation-pdf,sitemap-ai-ajnpdf-500.xml,monthly,0.75,2026-06-03
https://ai.ajnpdf.com/tools/ai-organize-excel-report-pdf,sitemap-ai-ajnpdf-500.xml,monthly,0.75,2026-06-03
https://ai.ajnpdf.com/tools/ai-organize-image-pdf,sitemap-ai-ajnpdf-500.xml,monthly,0.75,2026-06-03
https://ai.ajnpdf.com/tools/ai-compress-pdf,sitemap-ai-ajnpdf-500.xml,monthly,0.75,2026-06-03
https://ai.ajnpdf.com/tools/ai-compress-scanned-pdf,sitemap-ai-ajnpdf-500.xml,monthly,0.75,2026-06-03
https://ai.ajnpdf.com/tools/ai-compress-invoice-pdf,sitemap-ai-ajnpdf-500.xml,monthly,0.75,2026-06-03
https://ai.ajnpdf.com/tools/ai-compress-resume-pdf,sitemap-ai-ajnpdf-500.xml,monthly,0.75,2026-06-03
https://ai.ajnpdf.com/tools/ai-compress-contract-pdf,sitemap-ai-ajnpdf-500.xml,monthly,0.75,2026-06-03
https://ai.ajnpdf.com/tools/ai-compress-legal-pdf,sitemap-ai-ajnpdf-500.xml,monthly,0.75,2026-06-03
https://ai.ajnpdf.com/tools/ai-compress-academic-pdf,sitemap-ai-ajnpdf-500.xml,monthly,0.75,2026-06-03
https://ai.ajnpdf.com/tools/ai-compress-research-paper-pdf,sitemap-ai-ajnpdf-500.xml,monthly,0.75,2026-06-03
https://ai.ajnpdf.com/tools/ai-compress-textbook-pdf,sitemap-ai-ajnpdf-500.xml,monthly,0.75,2026-06-03
https://ai.ajnpdf.com/tools/ai-compress-ebook-pdf,sitemap-ai-ajnpdf-500.xml,monthly,0.75,2026-06-03
https://ai.ajnpdf.com/tools/ai-compress-bank-statement-pdf,sitemap-ai-ajnpdf-500.xml,monthly,0.75,2026-06-03
https://ai.ajnpdf.com/tools/ai-compress-tax-document-pdf,sitemap-ai-ajnpdf-500.xml,monthly,0.75,2026-06-03
https://ai.ajnpdf.com/tools/ai-compress-government-form-pdf,sitemap-ai-ajnpdf-500.xml,monthly,0.75,2026-06-03
https://ai.ajnpdf.com/tools/ai-compress-aadhaar-document,sitemap-ai-ajnpdf-500.xml,monthly,0.75,2026-06-03
https://ai.ajnpdf.com/tools/ai-compress-marksheet-pdf,sitemap-ai-ajnpdf-500.xml,monthly,0.75,2026-06-03
https://ai.ajnpdf.com/tools/ai-compress-certificate-pdf,sitemap-ai-ajnpdf-500.xml,monthly,0.75,2026-06-03
https://ai.ajnpdf.com/tools/ai-compress-business-report-pdf,sitemap-ai-ajnpdf-500.xml,monthly,0.75,2026-06-03
https://ai.ajnpdf.com/tools/ai-compress-medical-report-pdf,sitemap-ai-ajnpdf-500.xml,monthly,0.75,2026-06-03
https://ai.ajnpdf.com/tools/ai-compress-insurance-document-pdf,sitemap-ai-ajnpdf-500.xml,monthly,0.75,2026-06-03
https://ai.ajnpdf.com/tools/ai-compress-loan-document-pdf,sitemap-ai-ajnpdf-500.xml,monthly,0.75,2026-06-03
https://ai.ajnpdf.com/tools/ai-compress-real-estate-document-pdf,sitemap-ai-ajnpdf-500.xml,monthly,0.75,2026-06-03
https://ai.ajnpdf.com/tools/ai-compress-presentation-pdf,sitemap-ai-ajnpdf-500.xml,monthly,0.75,2026-06-03
https://ai.ajnpdf.com/tools/ai-compress-excel-report-pdf,sitemap-ai-ajnpdf-500.xml,monthly,0.75,2026-06-03
https://ai.ajnpdf.com/tools/ai-compress-image-pdf,sitemap-ai-ajnpdf-500.xml,monthly,0.75,2026-06-03
https://ai.ajnpdf.com/tools/ai-convert-pdf,sitemap-ai-ajnpdf-500.xml,monthly,0.75,2026-06-03
https://ai.ajnpdf.com/tools/ai-convert-scanned-pdf,sitemap-ai-ajnpdf-500.xml,monthly,0.75,2026-06-03
https://ai.ajnpdf.com/tools/ai-convert-invoice-pdf,sitemap-ai-ajnpdf-500.xml,monthly,0.75,2026-06-03
https://ai.ajnpdf.com/tools/ai-convert-resume-pdf,sitemap-ai-ajnpdf-500.xml,monthly,0.75,2026-06-03
https://ai.ajnpdf.com/tools/ai-convert-contract-pdf,sitemap-ai-ajnpdf-500.xml,monthly,0.75,2026-06-03
https://ai.ajnpdf.com/tools/ai-convert-legal-pdf,sitemap-ai-ajnpdf-500.xml,monthly,0.75,2026-06-03
https://ai.ajnpdf.com/tools/ai-convert-academic-pdf,sitemap-ai-ajnpdf-500.xml,monthly,0.75,2026-06-03
https://ai.ajnpdf.com/tools/ai-convert-research-paper-pdf,sitemap-ai-ajnpdf-500.xml,monthly,0.75,2026-06-03
https://ai.ajnpdf.com/tools/ai-convert-textbook-pdf,sitemap-ai-ajnpdf-500.xml,monthly,0.75,2026-06-03
https://ai.ajnpdf.com/tools/ai-convert-ebook-pdf,sitemap-ai-ajnpdf-500.xml,monthly,0.75,2026-06-03
https://ai.ajnpdf.com/tools/ai-convert-bank-statement-pdf,sitemap-ai-ajnpdf-500.xml,monthly,0.75,2026-06-03
https://ai.ajnpdf.com/tools/ai-convert-tax-document-pdf,sitemap-ai-ajnpdf-500.xml,monthly,0.75,2026-06-03
https://ai.ajnpdf.com/tools/ai-convert-government-form-pdf,sitemap-ai-ajnpdf-500.xml,monthly,0.75,2026-06-03
https://ai.ajnpdf.com/tools/ai-convert-aadhaar-document,sitemap-ai-ajnpdf-500.xml,monthly,0.75,2026-06-03
https://ai.ajnpdf.com/tools/ai-convert-marksheet-pdf,sitemap-ai-ajnpdf-500.xml,monthly,0.75,2026-06-03
https://ai.ajnpdf.com/tools/ai-convert-certificate-pdf,sitemap-ai-ajnpdf-500.xml,monthly,0.75,2026-06-03
https://ai.ajnpdf.com/tools/ai-convert-business-report-pdf,sitemap-ai-ajnpdf-500.xml,monthly,0.75,2026-06-03
https://ai.ajnpdf.com/tools/ai-convert-medical-report-pdf,sitemap-ai-ajnpdf-500.xml,monthly,0.75,2026-06-03
https://ai.ajnpdf.com/tools/ai-convert-insurance-document-pdf,sitemap-ai-ajnpdf-500.xml,monthly,0.75,2026-06-03
https://ai.ajnpdf.com/tools/ai-convert-loan-document-pdf,sitemap-ai-ajnpdf-500.xml,monthly,0.75,2026-06-03
https://ai.ajnpdf.com/tools/ai-convert-real-estate-document-pdf,sitemap-ai-ajnpdf-500.xml,monthly,0.75,2026-06-03
https://ai.ajnpdf.com/tools/ai-convert-presentation-pdf,sitemap-ai-ajnpdf-500.xml,monthly,0.75,2026-06-03
https://ai.ajnpdf.com/tools/ai-convert-excel-report-pdf,sitemap-ai-ajnpdf-500.xml,monthly,0.75,2026-06-03
https://ai.ajnpdf.com/tools/ai-convert-image-pdf,sitemap-ai-ajnpdf-500.xml,monthly,0.75,2026-06-03
https://ai.ajnpdf.com/tools/ai-scan-pdf,sitemap-ai-ajnpdf-500.xml,monthly,0.75,2026-06-03
https://ai.ajnpdf.com/tools/ai-scan-scanned-pdf,sitemap-ai-ajnpdf-500.xml,monthly,0.75,2026-06-03
https://ai.ajnpdf.com/tools/ai-scan-invoice-pdf,sitemap-ai-ajnpdf-500.xml,monthly,0.75,2026-06-03
https://ai.ajnpdf.com/tools/ai-scan-resume-pdf,sitemap-ai-ajnpdf-500.xml,monthly,0.75,2026-06-03
https://ai.ajnpdf.com/tools/ai-scan-contract-pdf,sitemap-ai-ajnpdf-500.xml,monthly,0.75,2026-06-03
https://ai.ajnpdf.com/tools/ai-scan-legal-pdf,sitemap-ai-ajnpdf-500.xml,monthly,0.75,2026-06-03
https://ai.ajnpdf.com/tools/ai-scan-academic-pdf,sitemap-ai-ajnpdf-500.xml,monthly,0.75,2026-06-03
https://ai.ajnpdf.com/tools/ai-scan-research-paper-pdf,sitemap-ai-ajnpdf-500.xml,monthly,0.75,2026-06-03
https://ai.ajnpdf.com/tools/ai-scan-textbook-pdf,sitemap-ai-ajnpdf-500.xml,monthly,0.75,2026-06-03
https://ai.ajnpdf.com/tools/ai-scan-ebook-pdf,sitemap-ai-ajnpdf-500.xml,monthly,0.75,2026-06-03
https://ai.ajnpdf.com/tools/ai-scan-bank-statement-pdf,sitemap-ai-ajnpdf-500.xml,monthly,0.75,2026-06-03
https://ai.ajnpdf.com/tools/ai-scan-tax-document-pdf,sitemap-ai-ajnpdf-500.xml,monthly,0.75,2026-06-03
https://ai.ajnpdf.com/tools/ai-scan-government-form-pdf,sitemap-ai-ajnpdf-500.xml,monthly,0.75,2026-06-03
https://ai.ajnpdf.com/tools/ai-scan-aadhaar-document,sitemap-ai-ajnpdf-500.xml,monthly,0.75,2026-06-03
https://ai.ajnpdf.com/tools/ai-scan-marksheet-pdf,sitemap-ai-ajnpdf-500.xml,monthly,0.75,2026-06-03
https://ai.ajnpdf.com/tools/ai-scan-certificate-pdf,sitemap-ai-ajnpdf-500.xml,monthly,0.75,2026-06-03
https://ai.ajnpdf.com/tools/ai-scan-business-report-pdf,sitemap-ai-ajnpdf-500.xml,monthly,0.75,2026-06-03
https://ai.ajnpdf.com/tools/ai-scan-medical-report-pdf,sitemap-ai-ajnpdf-500.xml,monthly,0.75,2026-06-03
https://ai.ajnpdf.com/tools/ai-scan-insurance-document-pdf,sitemap-ai-ajnpdf-500.xml,monthly,0.75,2026-06-03
https://ai.ajnpdf.com/tools/ai-scan-loan-document-pdf,sitemap-ai-ajnpdf-500.xml,monthly,0.75,2026-06-03
https://ai.ajnpdf.com/tools/ai-scan-real-estate-document-pdf,sitemap-ai-ajnpdf-500.xml,monthly,0.75,2026-06-03
https://ai.ajnpdf.com/tools/ai-scan-presentation-pdf,sitemap-ai-ajnpdf-500.xml,monthly,0.75,2026-06-03
https://ai.ajnpdf.com/tools/ai-scan-excel-report-pdf,sitemap-ai-ajnpdf-500.xml,monthly,0.75,2026-06-03
https://ai.ajnpdf.com/tools/ai-scan-image-pdf,sitemap-ai-ajnpdf-500.xml,monthly,0.75,2026-06-03
https://ai.ajnpdf.com/tools/ai-ocr-pdf,sitemap-ai-ajnpdf-500.xml,monthly,0.75,2026-06-03
https://ai.ajnpdf.com/tools/ai-ocr-scanned-pdf,sitemap-ai-ajnpdf-500.xml,monthly,0.75,2026-06-03
https://ai.ajnpdf.com/tools/ai-ocr-invoice-pdf,sitemap-ai-ajnpdf-500.xml,monthly,0.75,2026-06-03
https://ai.ajnpdf.com/tools/ai-ocr-resume-pdf,sitemap-ai-ajnpdf-500.xml,monthly,0.75,2026-06-03
https://ai.ajnpdf.com/tools/ai-ocr-contract-pdf,sitemap-ai-ajnpdf-500.xml,monthly,0.75,2026-06-03
https://ai.ajnpdf.com/tools/ai-ocr-legal-pdf,sitemap-ai-ajnpdf-500.xml,monthly,0.75,2026-06-03
https://ai.ajnpdf.com/tools/ai-ocr-academic-pdf,sitemap-ai-ajnpdf-500.xml,monthly,0.75,2026-06-03
https://ai.ajnpdf.com/tools/ai-ocr-research-paper-pdf,sitemap-ai-ajnpdf-500.xml,monthly,0.75,2026-06-03
https://ai.ajnpdf.com/tools/ai-ocr-textbook-pdf,sitemap-ai-ajnpdf-500.xml,monthly,0.75,2026-06-03
https://ai.ajnpdf.com/tools/ai-ocr-ebook-pdf,sitemap-ai-ajnpdf-500.xml,monthly,0.75,2026-06-03
https://ai.ajnpdf.com/tools/ai-ocr-bank-statement-pdf,sitemap-ai-ajnpdf-500.xml,monthly,0.75,2026-06-03
https://ai.ajnpdf.com/tools/ai-ocr-tax-document-pdf,sitemap-ai-ajnpdf-500.xml,monthly,0.75,2026-06-03
https://ai.ajnpdf.com/tools/ai-ocr-government-form-pdf,sitemap-ai-ajnpdf-500.xml,monthly,0.75,2026-06-03
https://ai.ajnpdf.com/tools/ai-ocr-aadhaar-document,sitemap-ai-ajnpdf-500.xml,monthly,0.75,2026-06-03
https://ai.ajnpdf.com/tools/ai-ocr-marksheet-pdf,sitemap-ai-ajnpdf-500.xml,monthly,0.75,2026-06-03
https://ai.ajnpdf.com/tools/ai-ocr-certificate-pdf,sitemap-ai-ajnpdf-500.xml,monthly,0.75,2026-06-03
https://ai.ajnpdf.com/tools/ai-ocr-business-report-pdf,sitemap-ai-ajnpdf-500.xml,monthly,0.75,2026-06-03
https://ai.ajnpdf.com/tools/ai-ocr-medical-report-pdf,sitemap-ai-ajnpdf-500.xml,monthly,0.75,2026-06-03
https://ai.ajnpdf.com/tools/ai-ocr-insurance-document-pdf,sitemap-ai-ajnpdf-500.xml,monthly,0.75,2026-06-03
https://ai.ajnpdf.com/tools/ai-ocr-loan-document-pdf,sitemap-ai-ajnpdf-500.xml,monthly,0.75,2026-06-03
https://ai.ajnpdf.com/tools/ai-ocr-real-estate-document-pdf,sitemap-ai-ajnpdf-500.xml,monthly,0.75,2026-06-03
https://ai.ajnpdf.com/tools/ai-ocr-presentation-pdf,sitemap-ai-ajnpdf-500.xml,monthly,0.75,2026-06-03
https://ai.ajnpdf.com/tools/ai-ocr-excel-report-pdf,sitemap-ai-ajnpdf-500.xml,monthly,0.75,2026-06-03
https://ai.ajnpdf.com/tools/ai-ocr-image-pdf,sitemap-ai-ajnpdf-500.xml,monthly,0.75,2026-06-03
https://ai.ajnpdf.com/tools/ai-classify-pdf,sitemap-ai-ajnpdf-500.xml,monthly,0.75,2026-06-03
https://ai.ajnpdf.com/tools/ai-classify-scanned-pdf,sitemap-ai-ajnpdf-500.xml,monthly,0.75,2026-06-03
https://ai.ajnpdf.com/tools/ai-classify-invoice-pdf,sitemap-ai-ajnpdf-500.xml,monthly,0.75,2026-06-03
https://ai.ajnpdf.com/tools/ai-classify-resume-pdf,sitemap-ai-ajnpdf-500.xml,monthly,0.75,2026-06-03
https://ai.ajnpdf.com/tools/ai-classify-contract-pdf,sitemap-ai-ajnpdf-500.xml,monthly,0.75,2026-06-03
https://ai.ajnpdf.com/tools/ai-classify-legal-pdf,sitemap-ai-ajnpdf-500.xml,monthly,0.75,2026-06-03
https://ai.ajnpdf.com/tools/ai-classify-academic-pdf,sitemap-ai-ajnpdf-500.xml,monthly,0.75,2026-06-03
https://ai.ajnpdf.com/tools/ai-classify-research-paper-pdf,sitemap-ai-ajnpdf-500.xml,monthly,0.75,2026-06-03
https://ai.ajnpdf.com/tools/ai-classify-textbook-pdf,sitemap-ai-ajnpdf-500.xml,monthly,0.75,2026-06-03
https://ai.ajnpdf.com/tools/ai-classify-ebook-pdf,sitemap-ai-ajnpdf-500.xml,monthly,0.75,2026-06-03
https://ai.ajnpdf.com/tools/ai-classify-bank-statement-pdf,sitemap-ai-ajnpdf-500.xml,monthly,0.75,2026-06-03
https://ai.ajnpdf.com/tools/ai-classify-tax-document-pdf,sitemap-ai-ajnpdf-500.xml,monthly,0.75,2026-06-03
https://ai.ajnpdf.com/tools/ai-classify-government-form-pdf,sitemap-ai-ajnpdf-500.xml,monthly,0.75,2026-06-03
https://ai.ajnpdf.com/tools/ai-classify-aadhaar-document,sitemap-ai-ajnpdf-500.xml,monthly,0.75,2026-06-03
https://ai.ajnpdf.com/tools/ai-classify-marksheet-pdf,sitemap-ai-ajnpdf-500.xml,monthly,0.75,2026-06-03
https://ai.ajnpdf.com/tools/ai-classify-certificate-pdf,sitemap-ai-ajnpdf-500.xml,monthly,0.75,2026-06-03
https://ai.ajnpdf.com/tools/ai-classify-business-report-pdf,sitemap-ai-ajnpdf-500.xml,monthly,0.75,2026-06-03
https://ai.ajnpdf.com/tools/ai-classify-medical-report-pdf,sitemap-ai-ajnpdf-500.xml,monthly,0.75,2026-06-03
https://ai.ajnpdf.com/tools/ai-classify-insurance-document-pdf,sitemap-ai-ajnpdf-500.xml,monthly,0.75,2026-06-03
https://ai.ajnpdf.com/tools/ai-classify-loan-document-pdf,sitemap-ai-ajnpdf-500.xml,monthly,0.75,2026-06-03
https://ai.ajnpdf.com/tools/ai-classify-real-estate-document-pdf,sitemap-ai-ajnpdf-500.xml,monthly,0.75,2026-06-03
https://ai.ajnpdf.com/tools/ai-classify-presentation-pdf,sitemap-ai-ajnpdf-500.xml,monthly,0.75,2026-06-03
https://ai.ajnpdf.com/tools/ai-classify-excel-report-pdf,sitemap-ai-ajnpdf-500.xml,monthly,0.75,2026-06-03
https://ai.ajnpdf.com/tools/ai-classify-image-pdf,sitemap-ai-ajnpdf-500.xml,monthly,0.75,2026-06-03
https://ai.ajnpdf.com/tools/ai-rename-pdf,sitemap-ai-ajnpdf-500.xml,monthly,0.75,2026-06-03
https://ai.ajnpdf.com/tools/ai-rename-scanned-pdf,sitemap-ai-ajnpdf-500.xml,monthly,0.75,2026-06-03
https://ai.ajnpdf.com/tools/ai-rename-invoice-pdf,sitemap-ai-ajnpdf-500.xml,monthly,0.75,2026-06-03
https://ai.ajnpdf.com/tools/ai-rename-resume-pdf,sitemap-ai-ajnpdf-500.xml,monthly,0.75,2026-06-03
https://ai.ajnpdf.com/tools/ai-rename-contract-pdf,sitemap-ai-ajnpdf-500.xml,monthly,0.75,2026-06-03
https://ai.ajnpdf.com/tools/ai-rename-legal-pdf,sitemap-ai-ajnpdf-500.xml,monthly,0.75,2026-06-03
https://ai.ajnpdf.com/tools/ai-rename-academic-pdf,sitemap-ai-ajnpdf-500.xml,monthly,0.75,2026-06-03
https://ai.ajnpdf.com/tools/ai-rename-research-paper-pdf,sitemap-ai-ajnpdf-500.xml,monthly,0.75,2026-06-03
https://ai.ajnpdf.com/tools/ai-rename-textbook-pdf,sitemap-ai-ajnpdf-500.xml,monthly,0.75,2026-06-03
https://ai.ajnpdf.com/tools/ai-rename-ebook-pdf,sitemap-ai-ajnpdf-500.xml,monthly,0.75,2026-06-03
https://ai.ajnpdf.com/tools/ai-rename-bank-statement-pdf,sitemap-ai-ajnpdf-500.xml,monthly,0.75,2026-06-03
https://ai.ajnpdf.com/tools/ai-rename-tax-document-pdf,sitemap-ai-ajnpdf-500.xml,monthly,0.75,2026-06-03
https://ai.ajnpdf.com/tools/ai-rename-government-form-pdf,sitemap-ai-ajnpdf-500.xml,monthly,0.75,2026-06-03
https://ai.ajnpdf.com/tools/ai-rename-aadhaar-document,sitemap-ai-ajnpdf-500.xml,monthly,0.75,2026-06-03
https://ai.ajnpdf.com/tools/ai-rename-marksheet-pdf,sitemap-ai-ajnpdf-500.xml,monthly,0.75,2026-06-03
https://ai.ajnpdf.com/tools/ai-rename-certificate-pdf,sitemap-ai-ajnpdf-500.xml,monthly,0.75,2026-06-03
https://ai.ajnpdf.com/tools/ai-rename-business-report-pdf,sitemap-ai-ajnpdf-500.xml,monthly,0.75,2026-06-03
https://ai.ajnpdf.com/tools/ai-rename-medical-report-pdf,sitemap-ai-ajnpdf-500.xml,monthly,0.75,2026-06-03
https://ai.ajnpdf.com/tools/ai-rename-insurance-document-pdf,sitemap-ai-ajnpdf-500.xml,monthly,0.75,2026-06-03
https://ai.ajnpdf.com/tools/ai-rename-loan-document-pdf,sitemap-ai-ajnpdf-500.xml,monthly,0.75,2026-06-03
https://ai.ajnpdf.com/tools/ai-rename-real-estate-document-pdf,sitemap-ai-ajnpdf-500.xml,monthly,0.75,2026-06-03
https://ai.ajnpdf.com/tools/ai-rename-presentation-pdf,sitemap-ai-ajnpdf-500.xml,monthly,0.75,2026-06-03
https://ai.ajnpdf.com/tools/ai-rename-excel-report-pdf,sitemap-ai-ajnpdf-500.xml,monthly,0.75,2026-06-03
https://ai.ajnpdf.com/tools/ai-rename-image-pdf,sitemap-ai-ajnpdf-500.xml,monthly,0.75,2026-06-03
https://ai.ajnpdf.com/tools/ai-detect-tables-in-pdf,sitemap-ai-ajnpdf-500.xml,monthly,0.75,2026-06-03
https://ai.ajnpdf.com/tools/ai-detect-tables-in-scanned-pdf,sitemap-ai-ajnpdf-500.xml,monthly,0.75,2026-06-03
https://ai.ajnpdf.com/tools/ai-detect-tables-in-invoice-pdf,sitemap-ai-ajnpdf-500.xml,monthly,0.75,2026-06-03
https://ai.ajnpdf.com/tools/ai-detect-tables-in-resume-pdf,sitemap-ai-ajnpdf-500.xml,monthly,0.75,2026-06-03
https://ai.ajnpdf.com/tools/ai-detect-tables-in-contract-pdf,sitemap-ai-ajnpdf-500.xml,monthly,0.75,2026-06-03
https://ai.ajnpdf.com/tools/ai-detect-tables-in-legal-pdf,sitemap-ai-ajnpdf-500.xml,monthly,0.75,2026-06-03
https://pdf.ajnpdf.com/,sitemap-pdf-ajnpdf.xml,monthly,1.0,2026-06-03
https://pdf.ajnpdf.com/merge-pdf,sitemap-pdf-ajnpdf.xml,monthly,0.95,2026-06-03
https://pdf.ajnpdf.com/split-pdf,sitemap-pdf-ajnpdf.xml,monthly,0.95,2026-06-03
https://pdf.ajnpdf.com/compress-pdf,sitemap-pdf-ajnpdf.xml,monthly,0.95,2026-06-03
https://pdf.ajnpdf.com/pdf-to-word,sitemap-pdf-ajnpdf.xml,monthly,0.9,2026-06-03
https://pdf.ajnpdf.com/word-to-pdf,sitemap-pdf-ajnpdf.xml,monthly,0.9,2026-06-03
https://pdf.ajnpdf.com/pdf-to-jpg,sitemap-pdf-ajnpdf.xml,monthly,0.9,2026-06-03
https://pdf.ajnpdf.com/jpg-to-pdf,sitemap-pdf-ajnpdf.xml,monthly,0.9,2026-06-03
https://pdf.ajnpdf.com/protect-pdf,sitemap-pdf-ajnpdf.xml,monthly,0.85,2026-06-03
https://pdf.ajnpdf.com/unlock-pdf,sitemap-pdf-ajnpdf.xml,monthly,0.85,2026-06-03
https://pdf.ajnpdf.com/sign-pdf,sitemap-pdf-ajnpdf.xml,monthly,0.85,2026-06-03
https://pdf.ajnpdf.com/ocr-pdf,sitemap-pdf-ajnpdf.xml,monthly,0.85,2026-06-03
https://pdf.ajnpdf.com/edit-pdf,sitemap-pdf-ajnpdf.xml,monthly,0.8,2026-06-03
https://pdf.ajnpdf.com/organize-pdf,sitemap-pdf-ajnpdf.xml,monthly,0.8,2026-06-03
https://pdf.ajnpdf.com/pdf-tools,sitemap-pdf-ajnpdf.xml,monthly,0.9,2026-06-03
https://pdf.ajnpdf.com/privacy,sitemap-pdf-ajnpdf.xml,monthly,0.5,2026-06-03
https://pdf.ajnpdf.com/faq,sitemap-pdf-ajnpdf.xml,monthly,0.65,2026-06-03
https://merge.ajnpdf.com/,sitemap-merge-ajnpdf.xml,monthly,1.0,2026-06-03
https://merge.ajnpdf.com/merge-pdf,sitemap-merge-ajnpdf.xml,monthly,1.0,2026-06-03
https://merge.ajnpdf.com/merge-pdf-online,sitemap-merge-ajnpdf.xml,monthly,0.9,2026-06-03
https://merge.ajnpdf.com/merge-pdf-free,sitemap-merge-ajnpdf.xml,monthly,0.9,2026-06-03
https://merge.ajnpdf.com/merge-pdf-no-upload,sitemap-merge-ajnpdf.xml,monthly,0.85,2026-06-03
https://merge.ajnpdf.com/merge-pdf-mobile,sitemap-merge-ajnpdf.xml,monthly,0.8,2026-06-03
https://merge.ajnpdf.com/merge-pdf-for-students,sitemap-merge-ajnpdf.xml,monthly,0.75,2026-06-03
https://merge.ajnpdf.com/merge-pdf-guide,sitemap-merge-ajnpdf.xml,monthly,0.7,2026-06-03
https://merge.ajnpdf.com/faq,sitemap-merge-ajnpdf.xml,monthly,0.6,2026-06-03
https://ilove.ajnpdf.com/,sitemap-ilove-ajnpdf.xml,monthly,1.0,2026-06-03
https://ilove.ajnpdf.com/pdf-tools,sitemap-ilove-ajnpdf.xml,monthly,0.95,2026-06-03
https://ilove.ajnpdf.com/ilovepdf-alternative,sitemap-ilove-ajnpdf.xml,monthly,0.9,2026-06-03
https://ilove.ajnpdf.com/smallpdf-alternative,sitemap-ilove-ajnpdf.xml,monthly,0.85,2026-06-03
https://ilove.ajnpdf.com/adobe-acrobat-alternative-free,sitemap-ilove-ajnpdf.xml,monthly,0.85,2026-06-03
https://ilove.ajnpdf.com/merge-pdf,sitemap-ilove-ajnpdf.xml,monthly,0.8,2026-06-03
https://ilove.ajnpdf.com/compress-pdf,sitemap-ilove-ajnpdf.xml,monthly,0.8,2026-06-03
https://ilove.ajnpdf.com/split-pdf,sitemap-ilove-ajnpdf.xml,monthly,0.8,2026-06-03
https://ilove.ajnpdf.com/faq,sitemap-ilove-ajnpdf.xml,monthly,0.6,2026-06-03
https://ajn.ajnpdf.com/,sitemap-ajn-ajnpdf.xml,monthly,1.0,2026-06-03
https://ajn.ajnpdf.com/about-ajnpdf,sitemap-ajn-ajnpdf.xml,monthly,0.8,2026-06-03
https://ajn.ajnpdf.com/tools,sitemap-ajn-ajnpdf.xml,monthly,0.85,2026-06-03
https://ajn.ajnpdf.com/blog,sitemap-ajn-ajnpdf.xml,monthly,0.7,2026-06-03
https://ajn.ajnpdf.com/privacy-first-pdf-tools,sitemap-ajn-ajnpdf.xml,monthly,0.75,2026-06-03
https://ajn.ajnpdf.com/student-pdf-tools,sitemap-ajn-ajnpdf.xml,monthly,0.7,2026-06-03
https://ajn.ajnpdf.com/contact,sitemap-ajn-ajnpdf.xml,monthly,0.6,2026-06-03
